component,Sig1,Sig2,Sig3,Sig4,Sig5
A[C>A]A,0.00165412225843281,0.0117426607387386,0.00113031407926232,0.0182731739395479,0.031666910230173
A[C>A]C,0.00850869834732944,0.00544027016191607,0.0039331468774913,0.00690882027416815,0.0201567306896825
A[C>A]G,0.00375583317937034,0.00375260216204508,0.00138302764223634,0.00333100239525628,0.00852935568795273
A[C>A]T,0.00262475921583245,0.00378967698237693,0.00308037462847179,0.00222815860733068,0.0155020941155718
A[C>G]A,0.00859554723695691,0.00846820193020448,0.00637916486479576,0.00733243543672033,0.00812348034844398
A[C>G]C,0.00587868644806638,0.00341818527284664,0.00616006668278045,0.00609042306375904,0.00294311789714738
A[C>G]G,0.00533100967839911,0.00523914292017865,0.00281678299295352,0.00387208030260349,0.00228911694115733
A[C>G]T,0.00623324490092376,0.00666856860551757,0.00661747301362113,0.00486475344479245,0.00416501973268192
A[C>T]A,0.0263519578437837,0.0194241093170057,0.0246508640842868,0.0179650256627773,0.0132252100921025
A[C>T]C,0.0192705057700697,0.0163795477534158,0.021907956981063,0.0086322370206317,0.00936032555174856
A[C>T]G,0.0632398439562148,0.0459536362157834,0.0207434725955191,0.0241064780573614,0.0204966054678151
A[C>T]T,0.0220179120328139,0.0169820778672762,0.0161601362146702,0.0149560968311142,0.00581108394732289
A[T>A]A,3.92124474367663e-06,0.00491323504678376,0.00517608101838294,0.00797854641776286,0.00608731268602931
A[T>A]C,0.00257845756698489,0.00413353926354693,0.00890159113090705,0.00290642115090874,0.00188291463971307
A[T>A]G,0.00207956103260747,0.00438009634881228,0.0115484423291447,0.00596049304082975,0.00378398857836361
A[T>A]T,0.00191377393096735,0.00366699966537803,0.00851338397500527,0.0058000164246832,0.00273061258634146
A[T>C]A,0.0197497631066378,0.0225900360310353,0.0121110568276549,0.0226590594650344,0.0104495244796313
A[T>C]C,0.0138922204883948,0.0119832178209243,0.00829438437780308,0.008765823475147,0.00569209193885653
A[T>C]G,0.0434952181009003,0.0359004336275737,0.0211903822694397,0.0273334201712586,0.0153264726709892
A[T>C]T,0.0206964098940567,0.0195118865139376,0.0115086547412045,0.0157039109701451,0.00760154998233877
A[T>G]A,0.00305344599620606,0.00429224986945912,0.00151969334178766,0.00311003464393455,0.00306004490364593
A[T>G]C,0.00324567136445837,0.00315800324660284,0.00142174668569287,0.00209457093431625,0.00139337291328688
A[T>G]G,0.00513376289198562,0.00719963229435354,0.00247621486179909,0.00383697893491106,0.00263668696204748
A[T>G]T,0.00340768825904586,0.00348669810504693,0.00135981119987755,0.00360527824287482,0.00228543028868172
C[C>A]A,0.00249449889035769,0.00334080307121608,0.0027701773528819,0.000403123886920341,0.0540599402769621
C[C>A]C,0.00485912889192624,0.0042382406536126,0.00723681925380345,0.00384830926167491,0.0504432479722481
C[C>A]G,0.00455790105759713,0.00311449572227197,0.0053598522168254,0.00387267752752393,0.0184148642744529
C[C>A]T,0.0020927333783727,0.00199381788141995,0.00977955542568569,0.00101359233654887,0.0391649987840937
C[C>G]A,0.00545009404101828,0.00325245406205738,0.00610300079107449,0.00508711412811584,0.0074528302507292
C[C>G]C,0.0083585100860218,0.00692267347156428,0.0102376090301318,0.00792875040112322,0.0084765995268975
C[C>G]G,0.00487249486080765,0.00631212930439261,0.00550008634328154,0.0060700150942984,0.00417710911308652
C[C>G]T,0.0071601607508283,0.00716387684312034,0.0100350162496688,0.00823678264193431,0.00578620914903765
C[C>T]A,0.0230443425111697,0.013724394179028,0.0239530739513272,0.0152229026577587,0.0162913635381193
C[C>T]C,0.0280296448288024,0.0208974450686773,0.0270814938637273,0.0204184087111327,0.0188728973706944
C[C>T]G,0.0753177948638149,0.0529518890970896,0.0298393524150032,0.0426287683306491,0.0321371369263491
C[C>T]T,0.0283264476351137,0.0259706758402276,0.0212617395325235,0.0245161643206576,0.0198348033543973
C[T>A]A,0.000254519197351338,0.001489135725108,0.00450132918103353,0.00281758792033642,0.00452588588932009
C[T>A]C,0.000953197860159107,0.00127593013794892,0.0189175897196851,0.005086171238016,0.00493128185286959
C[T>A]G,0.00104177544691331,0.00176185904612515,0.0219218265416084,0.00608171667393186,0.00887330887529399
C[T>A]T,0.000488276076358572,0.00197043017810628,0.0147223708313307,0.00411118016067575,0.0033081832790132
C[T>C]A,0.0137846078219355,0.0123860121511658,0.0117253953775055,0.00812929336102054,0.0068373577379041
C[T>C]C,0.0104146454180782,0.0480085505432127,0.0263283152806275,0.00825448943430202,0.005566537785918
C[T>C]G,0.0465278250511657,0.0350292487011765,0.0446090451168337,0.0260009747208459,0.0205512202048263
C[T>C]T,0.0175195594383433,0.020245556132039,0.0168758411988348,0.0155261705386687,0.00877542092744165
C[T>G]A,0.00217645899656301,0.00162107951579413,0.00121832761983236,0.00142656030181861,0.000954091543534843
C[T>G]C,0.00495153341304049,0.00552845969476489,0.00392279426608994,0.00386484121591433,0.00253029297275796
C[T>G]G,0.00629444992086659,0.00749169839802586,0.00497903435790741,0.00445622457110374,0.00407585489813566
C[T>G]T,0.00375057591250327,0.00551591679064852,0.0031923600192586,0.00293145928990267,0.00208889829576804
G[C>A]A,0.00542780092555332,0.00604467027254853,0.00148283621782856,0.00581387538888284,0.0286663497667558
G[C>A]C,0.00770103981349619,0.00399065148890689,0.00494085182354377,0.00250638147483374,0.0302058562744381
G[C>A]G,0.00554413496124377,0.00413292822028519,0.00388483361686027,0.00638293685743144,0.011846677865955
G[C>A]T,0.00288095916998903,0.00233014773549099,0.005736612719415,0.00069516152686127,0.0200418708321997
G[C>G]A,0.0050206454613773,0.00654399297354923,0.00678289587379932,0.00489747021454299,0.00444461380373169
G[C>G]C,0.00688141669523236,0.00634147015759821,0.0100241398734027,0.00431092759454741,0.00591963718742624
G[C>G]G,0.00256982025060569,0.0226875107312909,0.00497400250013415,0.00248203687739492,0.00256204202520203
G[C>G]T,0.00554642056213776,0.00592668373863165,0.00815483627530045,0.00338384212249637,0.0036951813115992
G[C>T]A,0.0160001153357379,0.0104783060655701,0.0284683175768908,0.00941176019528031,0.0120755658263519
G[C>T]C,0.0223318954535988,0.0131402253185536,0.0384426083886807,0.0147195086152084,0.0202561659704855
G[C>T]G,0.0585281887433085,0.0352001933294327,0.0279664378277045,0.0313951800893656,0.0285690688938046
G[C>T]T,0.018219216488335,0.0150069634487388,0.0227530125897783,0.0113234307120669,0.0111766212333557
G[T>A]A,0.000256010235441268,0.00121450886600033,0.00445269663156861,0.00370680458204938,0.00301155011642106
G[T>A]C,0.00206556471647537,0.00240765033227851,0.00666686947938225,0.00118063404913527,0.00252223104808926
G[T>A]G,0.00151254341414855,0.00183062669160761,0.018989018091115,0.00362378087361906,0.00582938122736691
G[T>A]T,0.00189722257140743,0.00355891338529487,0.00754680622369251,0.0018530280978239,0.00209615928207349
G[T>C]A,0.0114201222761792,0.00971488749993577,0.00797108321871151,0.00946214922191065,0.00493185269055562
G[T>C]C,0.0132001395257613,0.0115906914017869,0.0111701395079229,0.00907472572629902,0.00562670451131084
G[T>C]G,0.035803180910904,0.0212760194270331,0.0279601117488407,0.024004380763455,0.019683176592069
G[T>C]T,0.0142789052845547,0.012943993164725,0.00878362905885319,0.00974835642773715,0.00558262135952144
G[T>G]A,0.00254012068056685,0.00436007626626726,0.00139870641761137,0.00253243662247326,0.00141822489134993
G[T>G]C,0.00415334899881834,0.00433233866970754,0.00211500248699706,0.00330450753694819,0.00173227551064453
G[T>G]G,1.63644723284019e-12,0.0488783757799986,0.00366350016828632,0.000925674597545681,0.00103023982555005
G[T>G]T,0.0056327006356011,0.00560202036181361,0.00259965924305043,0.00290520099910946,0.00285586744338293
T[C>A]A,0.00071382083727729,0.0021024187815733,0.00176137374023993,0.00717627035411841,0.0257229477149574
T[C>A]C,0.00221783063425789,0.00236238182084167,0.00263516496550681,0.00684299417319934,0.0299111013757263
T[C>A]G,0.00139065971771608,0.000747484343885738,0.00164021279852096,0.00372787021389826,0.00647991965481601
T[C>A]T,0.00179244523402393,0.00359218827719864,0.00401281324116486,0.00499541141697656,0.0268075169778423
T[C>G]A,9.85012621816597e-07,1.25672665806565e-06,0.00244382990689917,0.0361960144044693,0.00494378361916673
T[C>G]C,0.00447254555560455,0.00431188504652891,0.00605602071772721,0.0175057568723115,0.00554872539057797
T[C>G]G,0.00322990375678233,0.00390513258100865,0.00190388691373837,0.00807596634200326,0.00152787396899845
T[C>G]T,0.00235761015828836,0.00461178373307604,0.00566412913610964,0.0477298335153345,0.0068210594020839
T[C>T]A,0.00753276145010182,0.00487218583595525,0.013467741634134,0.0540777285344363,0.00690296171099607
T[C>T]C,0.0172734072915212,0.0192062843207147,0.0197987314886496,0.0271801580712753,0.0145747067034415
T[C>T]G,0.0346264033100145,0.0201441677154375,0.011700726256283,0.025859391113529,0.0135015175036847
T[C>T]T,0.00837098604627284,0.0225568026924353,0.0108388190410654,0.0495707377425394,0.0116960689909755
T[T>A]A,0.00103755743628479,0.00393897408522215,0.00636722325278157,0.00819183006084894,0.0059605625325339
T[T>A]C,0.00058384262505416,0.00223165860677898,0.00672804060675269,0.00203932253790685,0.00167557286783139
T[T>A]G,0.000464268595541494,0.000389011376613939,0.00874768308705479,0.00279129647698237,0.00255036529624164
T[T>A]T,7.37612596802904e-08,0.00275930014175213,0.0131130105353995,0.00534470713258133,0.00366124111943728
T[T>C]A,0.0103594024496215,0.0106054793603268,0.011243196891778,0.00829795156667462,0.00465778872137493
T[T>C]C,0.0109862415701233,0.0135130824936656,0.015156228927906,0.0122011152275519,0.00761534091847818
T[T>C]G,0.0195399726223926,0.0148782693384696,0.0199034846553571,0.011811340510769,0.00960823894787711
T[T>C]T,0.0113572149825863,0.0153126769970969,0.015728954785242,0.0158961713653879,0.00714780956834137
T[T>G]A,0.00278941614542743,0.00445170152992508,0.00185130018663027,0.00242712774587478,0.0020699716200409
T[T>G]C,0.00381398847384809,0.00623060971621339,0.00277046069185096,0.00446496682795361,0.00234644438410237
T[T>G]G,0.0052336186414988,0.00560522719538686,0.00349172183618744,0.00383080783984985,0.00380800442405565
T[T>G]T,0.00501033948547845,0.00745471198663591,0.00499040779131767,0.00787252115376606,0.00535115296520217
