sample,SBS1,SBS2,SBS3,SBS4,SBS5,SBS6,SBS7a,SBS7b,SBS7c,SBS7d,SBS8,SBS9,SBS10a,SBS10b,SBS10c,SBS10d,SBS11,SBS12,SBS13,SBS14,SBS15,SBS16,SBS17a,SBS17b,SBS18,SBS19,SBS20,SBS21,SBS22a,SBS22b,SBS23,SBS24,SBS25,SBS26,SBS27,SBS28,SBS29,SBS30,SBS31,SBS32,SBS33,SBS34,SBS35,SBS36,SBS37,SBS38,SBS39,SBS40a,SBS40b,SBS40c,SBS41,SBS42,SBS43,SBS44,SBS45,SBS46,SBS47,SBS48,SBS49,SBS50,SBS51,SBS52,SBS53,SBS54,SBS55,SBS56,SBS57,SBS58,SBS59,SBS60,SBS84,SBS85,SBS86,SBS87,SBS88,SBS89,SBS90,SBS91,SBS92,SBS93,SBS94,SBS95,SBS96,SBS97,SBS98,SBS99
CRUK0001_SU_T1-R1,0,0,0,0,0,0.177540912113968,0,0,0,0,0,0,0,0,0,0,0,0,0,0,0,0,0,0,0,0,0,0,0,0,0,0,0,0,0,0,0,0,0.0818357115720152,0,0,0,0,0,0,0,0.177641454490511,0,0,0,0,0,0.1032194521963,0,0,0.125158157246583,0,0,0,0,0,0,0,0.178896535099256,0,0,0,0,0,0,0,0,0,0.155707777281366,0,0,0,0,0,0,0,0,0,0,0,0
CRUK0001_SU_T1-R2,0.0913510983024375,0,0,0,0,0.120644151636006,0,0,0,0,0,0,0,0,0,0,0,0,0,0,0,0,0,0,0,0,0,0,0,0,0,0,0,0.0639740476677515,0,0,0,0,0.107701259606733,0.0931825355524828,0,0,0,0,0,0,0.0869607800778751,0,0,0,0,0,0,0,0,0.100835412405812,0,0,0,0,0,0,0,0.161854761333276,0,0,0,0,0,0,0,0,0,0.173495953417626,0,0,0,0,0,0,0,0,0,0,0,0
CRUK0001_SU_T1-R3,0,0,0,0,0,0.253764755432537,0,0,0,0,0,0,0,0,0,0,0,0,0,0,0,0,0,0,0,0,0,0,0,0,0,0,0,0,0,0,0,0,0.0921805335517683,0,0,0,0,0,0,0,0.177524974598556,0,0,0,0,0,0,0,0,0.117852109367477,0,0,0,0,0,0,0,0.229250263338651,0,0,0,0,0,0,0,0,0,0.129427363711011,0,0,0,0,0,0,0,0,0,0,0,0
CRUK0002_SU_T1-R1,0,0,0,0,0,0.198481402270726,0,0,0,0,0,0,0,0,0,0,0,0,0,0,0,0,0,0,0,0,0,0,0,0,0,0,0,0,0,0,0,0,0,0,0,0,0,0,0,0,0.112081843301258,0,0,0,0,0,0,0,0,0.123340406388146,0,0,0,0,0,0,0,0.26703101456769,0,0,0,0,0,0,0,0,0,0.299065333472181,0,0,0,0,0,0,0,0,0,0,0,0
CRUK0002_SU_T1-R2,0,0,0,0,0,0.20048967967744,0,0,0,0,0,0,0,0,0,0,0,0,0,0,0,0,0,0,0,0,0,0,0,0,0,0,0,0,0,0,0,0,0.111435251329232,0,0,0,0,0,0,0,0.0908539821022203,0,0,0,0,0,0,0,0,0.155510172843922,0,0,0,0,0,0,0,0.234332644615795,0,0,0,0,0,0,0,0,0,0.207378269431391,0,0,0,0,0,0,0,0,0,0,0,0
CRUK0002_SU_T1-R3,0,0,0,0,0,0.0945731281225075,0,0,0,0,0,0,0,0,0,0,0,0.189903298957907,0,0,0,0,0,0,0,0,0,0,0,0,0,0,0,0,0,0,0,0,0.0948669463317361,0.0779906305253205,0,0,0,0,0,0,0.152833056404144,0,0,0,0,0,0.0789588132319519,0,0,0,0,0,0,0,0,0,0,0.124166828983762,0,0,0,0.102046697726771,0,0,0,0,0,0.0846605997158987,0,0,0,0,0,0,0,0,0,0,0,0
CRUK0003_SU_T1-R1,0.0710458157943239,0,0,0,0.099054849005582,0.169873870838482,0,0,0,0,0,0,0,0,0,0,0,0,0,0,0,0,0,0,0,0,0,0,0,0,0,0,0,0,0,0,0,0,0.0729265329077194,0.0674377866817577,0,0,0,0,0,0,0.13228096725359,0,0,0,0,0,0,0,0,0.0848507661159129,0,0,0,0,0,0,0,0.182139598765741,0,0,0,0,0,0,0,0,0,0.120389812636891,0,0,0,0,0,0,0,0,0,0,0,0
CRUK0003_SU_T1-R2,0.0755759103212929,0,0,0,0,0.10539800450453,0,0,0,0,0,0,0,0,0,0,0,0.104272017791604,0,0,0,0,0,0,0,0,0,0,0,0,0,0,0,0,0,0,0,0,0,0.119590365040336,0,0,0,0,0,0,0.122642166209026,0,0,0,0,0,0.0910602591049995,0,0,0.0894806528117503,0,0,0,0,0,0,0,0.138928456283516,0,0,0,0,0,0,0,0,0,0.074440563832231,0,0,0,0,0,0,0,0,0.078611604100714,0,0,0
CRUK0003_SU_T1-R3,0,0,0,0,0,0.218302873669146,0,0.0792963506137857,0,0,0,0,0,0,0,0,0,0,0,0,0,0,0,0,0,0,0,0,0,0,0,0,0,0,0,0,0,0,0,0,0,0,0,0,0,0,0.152167452335236,0,0,0,0,0,0.089299691259148,0,0,0.122294354916386,0,0,0,0,0,0,0,0.202369847056681,0,0,0,0,0,0,0,0,0,0.136269430149618,0,0,0,0,0,0,0,0,0,0,0,0
CRUK0003_SU_T1-R4,0,0,0,0,0,0.225276874211558,0,0,0,0,0,0,0,0,0,0,0,0,0,0,0,0,0,0,0,0,0,0,0,0,0,0,0,0,0,0,0,0,0.0890332519809047,0.0785385743853543,0,0,0,0,0,0,0.158270971392532,0,0,0,0,0,0,0,0,0.108761327296166,0,0,0,0,0,0,0,0.213039350033052,0,0,0,0,0,0,0,0,0,0.127079650700433,0,0,0,0,0,0,0,0,0,0,0,0
CRUK0003_SU_T1-R6,0,0,0,0,0,0.17116817787455,0,0.0658814076944704,0,0,0,0,0,0,0,0,0,0,0,0,0,0,0,0,0,0,0,0,0,0,0,0,0,0,0,0,0,0,0,0.0649789098205175,0,0,0,0,0,0,0.158933343656593,0,0,0,0,0,0.0746854143913513,0,0,0.111249283415297,0,0,0,0,0,0,0,0.169880934532475,0,0,0,0,0,0,0,0,0,0.116878295661827,0,0,0,0,0,0,0.0663442329529185,0,0,0,0,0
CRUK0004_SU_T1-R1,0,0,0,0,0,0.252313269265462,0,0,0,0,0,0,0,0,0,0,0,0,0,0,0,0,0,0,0,0,0,0,0,0,0,0,0,0,0,0,0,0,0.0944287303131821,0,0,0,0,0,0,0,0.207010939902412,0,0,0,0,0,0,0,0,0.118659984541373,0,0,0,0,0,0,0,0.197370459249702,0,0,0,0,0,0,0,0,0,0.130216616727868,0,0,0,0,0,0,0,0,0,0,0,0
CRUK0004_SU_T1-R2,0,0,0,0,0,0.247105579354774,0,0,0,0,0,0,0,0,0,0,0,0,0,0,0,0,0,0,0,0,0,0,0,0,0,0,0,0,0,0,0,0,0.0969338606411616,0,0,0,0,0,0,0,0.154113178143548,0,0,0,0,0,0,0,0,0.11005074974041,0,0,0,0,0,0,0,0.222330158098573,0,0,0,0,0,0,0,0,0,0.169466474021534,0,0,0,0,0,0,0,0,0,0,0,0
CRUK0004_SU_T1-R3,0,0,0.114974468702736,0,0,0.225308302328503,0,0,0,0,0,0,0,0,0,0,0,0,0,0,0,0,0,0,0,0,0,0,0,0,0,0,0,0,0,0,0,0,0.113569905509023,0,0,0,0,0,0,0,0.142723151845707,0,0,0,0,0,0,0,0,0.125379802898097,0,0,0,0,0,0,0,0.191757992339403,0,0,0,0,0,0,0,0,0,0.0862863763765297,0,0,0,0,0,0,0,0,0,0,0,0
CRUK0004_SU_T1-R4,0,0,0.10583574605141,0,0,0.206751759037058,0,0,0,0,0,0,0,0,0,0,0,0,0,0,0,0,0,0,0,0,0,0,0,0,0,0,0,0,0,0,0,0,0.128805601530078,0,0,0,0,0,0,0,0.102131576349109,0,0,0,0,0,0,0,0,0.140022903252796,0,0,0,0,0,0,0,0.186602948005981,0,0,0,0,0,0,0,0,0,0.129849465773568,0,0,0,0,0,0,0,0,0,0,0,0
CRUK0005_SU_T1-R1,0,0,0,0,0,0.215855462908208,0,0,0,0,0,0,0,0,0,0,0,0,0,0,0,0,0,0,0,0,0,0,0,0,0,0,0,0,0,0,0,0,0.107634023095316,0.0859051331741975,0,0,0,0,0,0,0.15771482301857,0,0,0,0,0,0,0,0,0.0995830217814556,0,0,0,0,0,0,0,0.208076791766601,0,0,0,0,0,0,0,0,0,0.125230744255652,0,0,0,0,0,0,0,0,0,0,0,0
CRUK0005_SU_T1-R2,0,0,0,0.0827783598708334,0,0.20168245058435,0,0,0,0,0,0,0,0,0,0,0,0,0,0,0,0,0,0,0,0,0,0,0,0,0,0,0,0,0,0,0,0,0.097796958759874,0,0,0,0,0,0.0749900494270764,0,0.143830979251634,0,0,0,0,0,0,0,0,0.0898899577564785,0,0,0,0,0,0,0,0.187470324827376,0,0,0,0,0,0,0,0,0,0.121560919522378,0,0,0,0,0,0,0,0,0,0,0,0
CRUK0005_SU_T1-R3,0,0,0.0828703702339481,0.092334742764461,0,0.214805466571395,0,0,0,0,0,0,0,0,0,0,0,0,0,0,0,0,0,0,0,0,0,0,0,0,0,0,0,0,0,0,0,0,0.0935023722901795,0,0,0,0,0,0,0,0.0999121970137665,0,0,0,0,0,0,0,0,0.0833485867901729,0,0,0,0,0,0,0,0.201447980606053,0,0,0,0,0,0,0,0,0,0.131778283730023,0,0,0,0,0,0,0,0,0,0,0,0
CRUK0005_SU_T1-R4,0,0,0,0,0,0.228292511418911,0,0,0,0,0,0,0,0,0,0,0,0,0,0,0,0,0,0,0,0,0,0,0,0,0,0,0,0,0,0,0,0,0.0955957824973481,0,0,0,0,0,0,0,0.158879195237515,0,0,0,0,0,0,0,0,0.106555302392993,0,0,0,0,0,0,0,0.247361663090117,0,0,0,0,0,0,0,0,0,0.163315545363116,0,0,0,0,0,0,0,0,0,0,0,0
CRUK0006_SU_T1-R1,0,0,0,0,0,0.251310563252834,0,0,0,0,0,0,0,0,0,0,0,0,0,0,0,0,0,0,0,0,0,0,0,0,0,0,0,0,0,0,0,0,0.115210660915663,0,0,0,0,0,0,0,0.0939574571978162,0,0,0,0,0,0,0,0,0.130323312924499,0,0,0,0,0,0,0,0.221300119169564,0,0,0,0,0,0,0,0,0,0.187897886539624,0,0,0,0,0,0,0,0,0,0,0,0
CRUK0006_SU_T1-R2,0,0,0,0,0,0.22539778157235,0,0,0,0,0,0,0,0,0,0,0,0,0,0,0,0,0,0,0,0,0,0,0,0,0,0,0,0,0,0,0,0,0.0943905850111682,0,0,0,0,0,0,0,0.156893333301238,0,0,0,0,0,0,0,0,0.143325652978817,0,0,0,0,0,0,0,0.187395597243736,0,0,0,0,0,0,0,0,0,0.10109943980644,0,0,0,0,0,0,0.0914976100862515,0,0,0,0,0
CRUK0007_SU_T1-R1,0.0888694562872922,0,0,0,0.154344949564714,0.182710877223613,0,0,0,0,0,0,0,0,0,0,0,0,0,0,0,0,0,0,0,0,0,0,0,0,0,0,0,0,0,0,0,0,0,0.0879670763279108,0,0,0,0,0,0,0.105369422704234,0,0,0,0,0,0,0,0,0.0948312420525017,0,0,0,0,0,0,0,0.193356785690312,0,0,0,0,0,0,0,0,0,0.0925501901494228,0,0,0,0,0,0,0,0,0,0,0,0
CRUK0007_SU_T1-R2,0,0,0,0,0,0.269061927672731,0,0,0,0,0,0,0,0,0,0,0,0,0,0,0,0,0,0,0,0,0,0,0,0,0,0,0,0,0,0,0,0,0.0898288765523043,0,0,0,0,0,0,0,0.175185186436721,0,0,0,0,0,0,0,0,0.116888635660508,0,0,0,0,0,0,0,0.251041180412537,0,0,0,0,0,0,0,0,0,0.0979941932651988,0,0,0,0,0,0,0,0,0,0,0,0
CRUK0008_SU_T1-R1,0,0,0,0,0.163891773210617,0.148563090340567,0,0,0,0,0,0,0,0,0,0,0,0,0,0,0,0,0,0,0,0,0,0,0,0,0,0,0,0,0,0,0,0,0.102203139190836,0,0,0,0,0,0,0,0.162840407731206,0,0,0,0,0,0,0,0,0.102154895262392,0,0,0,0,0,0,0,0.190476326118852,0,0,0,0,0,0,0,0,0,0.12987036814553,0,0,0,0,0,0,0,0,0,0,0,0
CRUK0008_SU_T1-R2,0,0,0,0,0.168592753166135,0.241524784715378,0,0,0,0,0,0,0,0,0,0,0,0,0,0,0,0,0,0,0,0,0,0,0,0,0,0,0,0,0,0,0,0,0.135337733154341,0,0,0,0,0,0,0,0.138886448518757,0,0,0,0,0,0,0,0,0.109028653983806,0,0,0,0,0,0,0,0.206629626461583,0,0,0,0,0,0,0,0,0,0,0,0,0,0,0,0,0,0,0,0,0,0
CRUK0009_SU_T1-R1,0.0766562592956236,0,0,0,0.1387255646903,0.13687728259115,0,0,0,0,0,0,0,0,0,0,0,0,0,0,0,0,0,0,0,0,0,0,0,0,0,0,0,0,0,0,0,0,0.0653809236273241,0.0641066606779609,0,0,0,0,0,0,0.0640606072885928,0,0,0,0,0,0,0,0,0.112143427462639,0,0,0,0,0,0,0,0.18171432244053,0,0,0,0,0,0,0,0,0,0.16033495192588,0,0,0,0,0,0,0,0,0,0,0,0
CRUK0009_SU_T1-R2,0,0,0,0,0.160806098509288,0.145133600548575,0,0,0,0,0,0,0,0,0,0,0,0,0,0,0,0,0,0,0,0,0,0,0,0,0,0,0,0,0,0,0,0,0.104415574924412,0.0918645607234277,0,0,0,0,0,0,0.0794596497608047,0,0,0,0,0,0,0,0,0.0958142051828991,0,0,0,0,0,0,0,0.153280283994167,0,0,0,0,0,0,0,0,0,0.169226026356426,0,0,0,0,0,0,0,0,0,0,0,0
CRUK0009_SU_T1-R3,0,0,0,0,0,0.248654202193267,0,0.0860754972334633,0,0,0,0,0,0,0,0,0,0,0,0,0,0,0,0,0,0,0,0,0,0,0,0,0,0,0,0,0,0,0,0,0,0,0,0,0,0,0.146338935305576,0,0,0,0,0,0,0,0,0.137889264691818,0,0,0,0,0,0,0,0.21647799624108,0,0,0,0,0,0,0,0,0,0.164564104334796,0,0,0,0,0,0,0,0,0,0,0,0
CRUK0009_SU_T1-R4,0.069935296913985,0,0,0,0,0.191632575271896,0,0,0,0,0,0,0,0,0,0,0,0,0,0,0,0,0,0,0,0,0,0,0,0,0,0,0,0,0,0,0,0,0.0914568425389504,0.0716450392005892,0,0,0,0,0,0,0.134482962072964,0,0,0,0,0,0,0,0,0.124341023114813,0,0,0,0,0,0,0,0.177296607498968,0,0,0,0,0,0,0,0,0,0.139209653387835,0,0,0,0,0,0,0,0,0,0,0,0
CRUK0010_SU_T1-R1,0.0778055589302025,0,0,0,0,0.162955752095053,0,0,0,0,0,0,0,0,0,0,0,0,0,0,0,0,0,0,0,0,0,0,0,0,0,0,0,0,0,0,0,0,0.0982212961408099,0.0812515916080318,0,0,0,0,0,0,0.152002779768263,0,0,0,0,0,0,0,0,0.1124105178367,0,0,0,0,0,0,0,0.174455036592456,0,0,0,0,0,0,0,0,0,0.140897467028484,0,0,0,0,0,0,0,0,0,0,0,0
CRUK0010_SU_T1-R2,0,0,0,0,0,0.199070386767724,0,0,0,0,0,0,0,0,0,0,0,0,0,0,0,0,0,0,0,0,0,0,0,0,0,0,0,0,0,0,0,0,0.105882428404772,0.0781646889790658,0,0,0,0,0,0,0.178187809925583,0,0,0,0,0,0,0,0,0.123344171675684,0,0,0,0,0,0,0,0.190663123758046,0,0,0,0,0,0,0,0,0,0.124687390489125,0,0,0,0,0,0,0,0,0,0,0,0
CRUK0011_SU_T1-R1,0,0,0,0,0,0.249127882305288,0,0,0,0,0,0,0,0,0,0,0,0,0,0,0,0,0,0,0,0,0,0,0,0,0,0,0,0,0,0,0,0,0.111499012994067,0,0,0,0,0,0,0,0.195104750248464,0,0,0,0,0,0,0,0,0.128564780602619,0,0,0,0,0,0,0,0.214876022378129,0,0,0,0,0,0,0,0,0,0.100827551471434,0,0,0,0,0,0,0,0,0,0,0,0
CRUK0011_SU_T1-R2,0,0,0,0.0896000374462923,0.0693565161410573,0.217617129723345,0,0,0,0,0,0,0,0,0,0,0,0,0,0,0,0,0,0,0,0,0,0,0,0,0,0,0,0,0,0,0,0,0.0812130507393797,0,0,0,0,0,0,0,0.142524849856506,0,0,0,0,0,0,0,0,0.112732665803047,0,0,0,0,0,0,0,0.188021754348972,0,0,0,0,0,0,0,0,0,0.0989339959414022,0,0,0,0,0,0,0,0,0,0,0,0
CRUK0011_SU_T1-R3,0,0,0,0,0,0.242391505626046,0,0,0,0,0,0,0,0,0,0,0,0,0,0,0,0,0,0,0,0,0,0,0,0,0,0,0,0,0,0,0,0,0.0855070223719569,0,0,0,0,0,0,0,0.174905385478579,0,0,0,0,0,0,0,0,0.126191012050224,0,0,0,0,0,0,0,0.210163839257108,0,0,0,0,0,0,0,0,0,0.160841235216087,0,0,0,0,0,0,0,0,0,0,0,0
CRUK0012_SU_T1-R1,0,0,0,0,0,0.198120431254938,0,0,0,0,0,0,0,0,0,0,0,0,0,0,0,0,0,0,0,0,0,0,0,0,0,0,0,0,0,0,0,0,0.0992153638508112,0.109446974431324,0,0,0,0,0,0,0.136149798657924,0,0,0,0,0,0,0,0,0.0822772262258597,0,0,0,0,0,0,0,0.233760483820549,0,0,0,0,0,0,0,0,0,0.141029721758594,0,0,0,0,0,0,0,0,0,0,0,0
CRUK0012_SU_T1-R2,0.0777497933718514,0,0,0,0,0.19530666834123,0,0,0,0,0,0,0,0,0,0,0,0,0,0,0,0,0,0,0,0,0,0,0,0,0,0,0,0,0,0,0,0,0.10919596798651,0.0765904905262236,0,0,0,0,0,0,0.138476663816012,0,0,0,0,0,0,0,0,0.0776553862968898,0,0,0,0,0,0,0,0.208169503848655,0,0,0,0,0,0,0,0,0,0.116855525812629,0,0,0,0,0,0,0,0,0,0,0,0
CRUK0013_SU_T1-R1,0,0,0,0,0,0.186502739949505,0,0.0712091783379624,0,0,0,0,0,0,0,0,0,0,0,0,0,0,0,0,0,0,0,0,0,0,0,0,0,0,0,0,0,0,0.10895404843064,0,0,0,0,0,0,0,0.139543257410868,0,0,0,0,0,0.0741793696665854,0,0,0.176905774432741,0,0,0,0,0,0,0,0.137186665316429,0,0,0,0,0,0,0,0,0,0.10551896645527,0,0,0,0,0,0,0,0,0,0,0,0
CRUK0013_SU_T1-R2,0,0,0,0,0,0.1748380594348,0,0,0,0,0,0,0,0,0,0,0,0,0,0,0,0,0,0,0,0,0,0,0,0,0,0,0,0,0,0,0,0,0.104452827883082,0,0,0,0,0,0,0,0.136379966137372,0,0,0,0,0,0.0753801220157871,0,0,0.186241062199389,0,0,0,0,0,0,0,0.175832983051337,0,0,0,0,0,0,0,0,0,0.146874979278233,0,0,0,0,0,0,0,0,0,0,0,0
CRUK0013_SU_T1-R3,0,0,0,0,0,0.22242002131593,0,0.0804654841880546,0,0,0,0,0,0,0,0,0,0,0,0,0,0,0,0,0,0,0,0,0,0,0,0,0,0,0,0,0,0,0.0940916019077745,0,0,0,0,0,0,0,0.12572991556595,0,0,0,0,0,0,0,0,0.134669073140743,0,0,0,0,0,0,0,0.162960263029818,0,0,0,0,0,0,0,0,0,0.17966364085173,0,0,0,0,0,0,0,0,0,0,0,0
CRUK0014_SU_T1-R1,0,0,0,0,0,0.270178115081554,0,0.0849180011592289,0,0,0,0,0,0,0,0,0,0,0,0,0,0,0,0,0,0,0,0,0,0,0,0,0,0,0,0,0,0,0,0,0,0,0,0,0,0,0.158064738660794,0,0,0,0,0,0,0,0,0.106825260088702,0,0,0,0,0,0,0,0.239961680268401,0,0,0,0,0,0,0,0,0,0.140052204741321,0,0,0,0,0,0,0,0,0,0,0,0
CRUK0014_SU_T1-R2,0.120792962059393,0,0,0,0,0.163836907698965,0,0,0,0,0,0,0,0,0,0,0,0.119764269401403,0,0,0,0,0,0,0,0,0,0,0,0,0,0,0,0,0,0,0,0,0,0.112077763391887,0,0,0,0,0,0,0.109559377444762,0,0,0,0,0,0,0,0,0,0,0,0,0,0,0,0,0.240548484257771,0,0,0,0,0,0,0,0,0,0.133420235745819,0,0,0,0,0,0,0,0,0,0,0,0
CRUK0015_SU_T1-R1,0,0,0.0849428639009939,0.0845237480321625,0,0.0735856910049261,0,0,0,0,0,0,0,0,0,0,0,0,0,0,0,0,0,0,0,0,0.126814639477448,0,0,0,0,0.180458399926366,0,0,0,0,0,0,0,0,0,0,0,0,0,0,0,0,0,0,0,0,0,0,0.0853682721160696,0.0828001451704487,0,0,0,0,0,0,0,0.10839390866269,0,0,0,0,0,0,0,0,0,0.0791426252244701,0,0,0,0,0,0,0.0939697064844251,0,0,0,0,0
CRUK0015_SU_T1-R2,0.103309132126503,0,0.171447560688283,0,0,0.16672470309269,0,0,0,0,0,0,0,0,0,0,0,0,0,0,0,0,0,0,0,0,0,0,0,0,0,0,0,0,0,0,0,0,0,0,0,0,0,0,0,0,0,0,0,0.0920744777054423,0,0,0,0,0,0.164255432446691,0,0,0,0,0,0,0,0.205065292116629,0,0,0,0,0,0,0,0,0,0.0971234018237621,0,0,0,0,0,0,0,0,0,0,0,0
CRUK0016_SU_T1-R1,0.102287958898422,0,0,0,0.197778210311271,0.118520323317209,0,0,0,0,0,0,0,0,0,0,0,0.108754723038335,0,0,0,0,0,0,0,0,0,0,0,0,0,0,0,0,0,0,0,0,0,0,0,0,0,0,0,0,0.102312547704067,0,0,0,0,0,0,0,0,0.106213598329041,0,0,0,0,0,0,0,0.168090988896658,0,0,0,0,0,0,0,0,0,0.0960416495049959,0,0,0,0,0,0,0,0,0,0,0,0
CRUK0016_SU_T1-R2,0,0,0,0,0,0.176426441426221,0,0,0,0,0,0,0,0,0,0,0,0,0.13046103688418,0,0,0,0,0,0,0,0,0,0,0,0,0,0,0,0,0,0,0,0.102463383100747,0,0,0,0,0,0,0,0.165160333834719,0,0,0,0,0,0,0,0,0.101104043387876,0,0,0,0,0,0,0,0.17482774333487,0,0,0,0,0,0,0,0,0,0.149557018031388,0,0,0,0,0,0,0,0,0,0,0,0
CRUK0017_SU_T1-R1,0.0888090094100161,0,0,0,0.0966549917274857,0.125533443072924,0,0,0,0,0,0,0,0,0,0,0,0,0,0,0,0,0,0,0,0,0,0,0,0,0,0,0,0,0,0,0,0,0.112210289231188,0.080145797812376,0,0,0,0,0,0,0.117846375100581,0,0,0,0,0,0,0,0,0.100811817983237,0,0,0,0,0,0,0,0.168472744590215,0,0,0,0,0,0,0,0,0,0.109515531071977,0,0,0,0,0,0,0,0,0,0,0,0
CRUK0017_SU_T1-R2,0,0,0.0892076462823973,0.164210575764591,0,0.24018705709466,0,0,0,0,0,0,0,0,0,0,0,0,0,0,0,0,0,0,0,0,0,0,0,0,0,0,0,0,0,0,0,0,0,0,0,0,0,0,0,0,0.0903500457168072,0,0,0,0,0,0,0,0,0.0886713004877943,0,0,0,0,0,0,0,0.180585182238553,0,0,0,0,0,0,0,0,0,0.146788192415196,0,0,0,0,0,0,0,0,0,0,0,0
CRUK0017_SU_T1-R3,0,0,0,0.116973771138607,0,0.239944716197105,0,0,0,0,0,0,0,0,0,0,0,0,0,0,0,0,0,0,0,0,0,0,0,0,0,0,0,0,0,0,0,0,0.0835587063276281,0,0,0,0,0,0,0,0.153668319827478,0,0,0,0,0,0,0,0,0.104001359524664,0,0,0,0,0,0,0,0.180054118806564,0,0,0,0,0,0,0,0,0,0.121799008177954,0,0,0,0,0,0,0,0,0,0,0,0
CRUK0017_SU_T1-R4,0,0,0,0.168461061193086,0,0.260492192661178,0,0,0,0,0,0,0,0,0,0,0,0,0,0,0,0,0,0,0,0,0,0,0,0,0,0,0,0,0,0,0,0,0,0,0,0,0,0,0,0,0.123274529747103,0,0,0,0,0,0,0,0,0.130819085773114,0,0,0,0,0,0,0,0.208988316902451,0,0,0,0,0,0,0,0,0,0.107964813723068,0,0,0,0,0,0,0,0,0,0,0,0
CRUK0018_SU_T1-R1,0,0,0,0,0,0.201852847769147,0,0,0,0,0,0,0,0,0,0,0,0,0,0,0,0,0,0,0,0,0,0,0,0,0,0,0,0,0,0,0,0,0,0,0,0,0,0,0,0,0.192053526725337,0,0,0,0,0,0,0,0,0.121531202700251,0,0,0,0,0,0,0,0.256833861827084,0,0,0,0,0,0,0,0,0,0.120123703150965,0,0,0,0,0,0,0.107604857827217,0,0,0,0,0
CRUK0018_SU_T1-R2,0,0,0,0,0,0.217100703520056,0,0,0,0,0,0,0,0,0,0,0,0,0,0,0,0,0,0,0,0,0,0,0,0,0,0,0,0,0,0,0,0,0.0986519078677957,0,0,0,0,0,0,0,0.175083159308302,0,0,0,0,0,0,0,0,0.128925572594982,0,0,0,0,0,0,0,0.234077316848241,0,0,0,0,0,0,0,0,0,0.146161339860624,0,0,0,0,0,0,0,0,0,0,0,0
CRUK0018_SU_T1-R3,0.0830740807172392,0,0,0.0894420198797133,0,0.178318486439877,0,0,0,0,0,0,0,0,0,0,0,0,0,0,0,0,0,0,0,0,0,0,0,0,0,0,0,0,0,0,0,0,0.0952161544124073,0,0,0,0,0,0,0,0.120540953516377,0,0,0,0,0,0,0,0,0.104303420161869,0,0,0,0,0,0,0,0.203276239751309,0,0,0,0,0,0,0,0,0,0.125828645121208,0,0,0,0,0,0,0,0,0,0,0,0
CRUK0018_SU_T1-R4,0,0,0,0,0.193760746882478,0.145766904640982,0,0,0,0,0,0,0,0,0,0,0,0,0,0,0,0,0,0,0,0,0,0,0,0,0,0,0,0,0,0,0,0,0.0963484799072895,0,0,0,0,0,0,0,0.0955362829318445,0,0,0,0,0,0,0,0,0.108963573712346,0,0,0,0,0,0,0,0.18038574910927,0,0,0,0,0,0,0,0,0,0.179238262815791,0,0,0,0,0,0,0,0,0,0,0,0
CRUK0019_SU_T1-R1,0,0,0,0,0,0.210365102334858,0,0,0,0,0,0,0,0,0,0,0,0,0,0,0,0,0,0,0,0,0,0,0,0,0,0,0,0,0,0,0,0,0.117582465859823,0,0,0,0,0,0,0,0.148735132162302,0,0,0,0,0,0,0,0,0.11667378331225,0,0,0,0,0,0,0,0.252316914254291,0,0,0,0,0,0,0,0,0,0.154326602076476,0,0,0,0,0,0,0,0,0,0,0,0
CRUK0019_SU_T1-R2,0.11556249671903,0,0,0,0.271400187448692,0.0781338542417638,0,0,0,0,0,0,0,0,0,0,0,0,0,0,0,0,0,0,0,0,0,0,0,0,0,0,0,0,0,0,0,0,0,0.0725296216288114,0,0,0,0,0,0,0,0,0,0,0,0,0,0,0,0.100068465647698,0,0,0,0,0,0,0,0.191976770813988,0,0,0,0,0,0,0,0,0,0.170328603500017,0,0,0,0,0,0,0,0,0,0,0,0
CRUK0020_SU_T1-R1,0,0.0866649228380823,0,0.257026051989371,0,0.150534723246877,0,0.0706532926088611,0,0,0,0,0,0,0,0,0,0,0,0,0,0,0,0,0,0,0,0,0,0,0,0,0,0,0,0,0,0,0,0,0,0,0,0,0,0,0.129252797953702,0,0,0,0,0,0,0,0,0.0696942851740402,0,0,0,0,0,0,0,0.143448208149999,0,0,0,0,0,0,0,0,0,0.0927257180390671,0,0,0,0,0,0,0,0,0,0,0,0
CRUK0020_SU_T1-R2,0,0,0,0.268074178139333,0,0.140086129079021,0,0,0,0,0,0,0,0,0,0,0,0,0,0,0,0,0,0,0,0,0,0,0,0,0,0,0,0,0,0,0,0,0.0805058803225645,0,0,0,0,0,0,0,0.163240298512694,0,0,0,0,0,0,0,0,0.116469868912107,0,0,0,0,0,0,0,0.152996552208836,0,0,0,0,0,0,0,0,0,0.0786270928254449,0,0,0,0,0,0,0,0,0,0,0,0
CRUK0021_SU_T1-R1,0,0,0,0,0,0.145030077744817,0,0,0,0,0,0,0,0,0,0,0,0,0,0,0,0,0,0,0,0,0,0,0,0,0,0,0,0,0,0,0,0,0.131381264888658,0.0782920470676399,0,0,0,0,0.0719037261757691,0,0.146510420495197,0,0,0,0,0,0,0,0,0.132176365386206,0,0,0,0,0,0,0,0.167106047212516,0,0,0,0,0,0,0,0,0,0.127600051029198,0,0,0,0,0,0,0,0,0,0,0,0
CRUK0021_SU_T1-R2,0,0,0,0,0.0955105884754064,0.197183859179701,0,0,0,0,0,0,0,0,0,0,0,0,0,0,0,0,0,0,0,0,0,0,0,0,0,0,0,0,0,0,0,0,0.0779923926672326,0,0,0,0,0,0,0,0.0975828940260744,0,0,0,0,0,0,0,0,0.0930106062732031,0,0,0,0,0,0,0,0.208351121093322,0,0,0,0,0,0,0,0,0,0.230368538285061,0,0,0,0,0,0,0,0,0,0,0,0
CRUK0022_SU_T1-R1,0,0,0,0,0,0.198408064876082,0,0,0,0,0,0,0,0,0,0,0,0.0967155214781535,0,0,0,0,0,0,0,0,0,0,0,0,0,0,0,0,0,0,0,0,0,0.125639925927008,0,0,0,0,0,0,0.17401169300017,0,0,0,0,0,0,0,0,0,0,0,0,0,0,0,0,0.215418313135977,0,0,0,0,0,0,0,0,0,0.189806481582609,0,0,0,0,0,0,0,0,0,0,0,0
CRUK0022_SU_T1-R2,0,0,0,0,0,0.209378421931502,0,0,0,0,0,0,0,0,0,0,0,0.0780492379080431,0,0,0,0,0,0,0,0,0,0,0,0,0,0,0,0,0,0,0,0,0.0782001063692033,0.09268576410044,0,0,0,0,0,0,0.0817960385208527,0,0,0,0,0,0,0,0,0.0899518586265788,0,0,0,0,0,0,0,0.211570044200087,0,0,0,0,0,0,0,0,0,0.158368528343294,0,0,0,0,0,0,0,0,0,0,0,0
CRUK0023_SU_T1-R1,0.0694174853767501,0,0,0,0.111729154736203,0.159202610175858,0,0,0,0,0,0,0,0,0,0,0,0,0,0,0,0,0,0,0,0,0,0,0,0,0,0,0,0,0,0,0,0,0.092229471981128,0.0757037050932573,0,0,0,0,0,0,0.102174742945555,0,0,0,0,0,0,0,0,0.0694563677674899,0,0,0,0,0,0,0,0.185539157006325,0,0,0,0,0,0,0,0,0,0.134547304917433,0,0,0,0,0,0,0,0,0,0,0,0
CRUK0023_SU_T1-R2,0,0,0,0,0,0.188783051790914,0,0,0,0,0,0,0,0,0,0,0,0,0,0,0,0,0,0,0,0,0,0,0,0,0,0,0,0,0,0,0,0,0.0862116960177842,0,0,0,0,0,0,0,0.166423452626255,0,0,0,0,0,0,0,0,0.131465648938533,0,0,0,0,0,0,0,0.181249344737536,0,0,0,0,0,0,0,0,0,0.130656431854255,0,0,0,0,0,0,0.115210374034722,0,0,0,0,0
CRUK0023_SU_T1-R3,0,0,0,0,0,0.219899216392708,0,0,0,0,0,0,0,0,0,0,0,0,0,0,0,0,0,0,0,0,0,0,0,0,0,0,0,0,0,0,0,0,0.0848889073566017,0,0,0,0,0,0,0,0.153049448620631,0,0,0,0,0,0,0,0,0.132020748358583,0,0,0,0,0,0,0,0.235221618933952,0,0,0,0,0,0,0,0,0,0.174920060337525,0,0,0,0,0,0,0,0,0,0,0,0
CRUK0023_SU_T1-R4,0.0777887537318153,0,0,0,0,0.187688508636669,0,0,0,0,0,0,0,0,0,0,0,0,0,0,0,0,0,0,0,0,0,0,0,0,0,0,0,0,0,0,0,0,0.0935046958557404,0,0,0,0,0,0,0,0.159122245679833,0,0,0,0,0,0,0,0,0.110072010209057,0,0,0,0,0,0,0,0.207412083722359,0,0,0,0,0,0,0,0,0,0.164411702164526,0,0,0,0,0,0,0,0,0,0,0,0
CRUK0024_SU_T1-R1,0,0,0.402652355430681,0,0,0.216322046397494,0,0,0,0,0,0,0,0,0,0,0,0,0,0,0,0,0,0,0,0,0,0,0,0,0,0,0,0,0,0,0,0,0,0,0,0,0,0,0,0,0,0,0,0,0,0,0,0,0,0.204448760492435,0,0,0,0,0,0,0,0.17657683767939,0,0,0,0,0,0,0,0,0,0,0,0,0,0,0,0,0,0,0,0,0,0
CRUK0024_SU_T1-R2,0.063482979733725,0,0,0,0,0.164836077091668,0,0,0,0,0,0,0,0,0,0,0,0,0,0,0,0,0,0,0,0,0,0,0,0,0,0,0,0.0692753004598503,0,0,0,0,0.113263944514875,0.0705107994233704,0,0,0,0,0,0,0.123812339098424,0,0,0,0,0,0,0,0,0.100861216833277,0,0,0,0,0,0,0,0.171909477546788,0,0,0,0,0,0,0,0,0,0.122047865298022,0,0,0,0,0,0,0,0,0,0,0,0
CRUK0024_SU_T1-R3,0,0,0.226537915222279,0,0,0.240797823185143,0,0,0,0,0,0,0,0,0,0,0,0,0,0,0,0,0,0,0,0,0,0,0,0,0,0,0,0,0,0,0,0,0,0,0,0,0,0,0,0,0,0,0,0.0972721015623913,0,0,0,0,0,0.166339232965533,0,0,0,0,0,0,0,0.170494835130558,0,0,0,0,0,0,0,0,0,0.0985580919340958,0,0,0,0,0,0,0,0,0,0,0,0
CRUK0024_SU_T1-R4,0,0,0.268523763527407,0.0937311491513957,0,0.246830600075212,0,0,0,0,0,0,0,0,0,0,0,0,0,0,0,0,0,0,0,0,0,0,0,0,0,0,0,0,0,0,0,0,0,0,0,0,0,0,0,0,0,0,0,0,0,0,0,0,0,0.123067436386827,0,0,0,0,0,0,0,0.166712501447959,0,0,0,0,0,0,0,0,0,0.101134549411199,0,0,0,0,0,0,0,0,0,0,0,0
CRUK0024_SU_T1-R6,0,0,0.275739349809909,0,0,0.17252348732572,0,0,0,0,0,0,0,0,0,0,0,0,0,0,0,0,0,0,0,0,0,0,0,0,0,0,0,0,0,0,0,0,0,0,0,0,0,0,0,0,0,0,0,0.14794515775061,0,0,0,0,0,0.1489834803226,0,0,0,0,0,0,0,0.169417754593276,0,0,0,0,0,0,0,0,0,0.0853907701978859,0,0,0,0,0,0,0,0,0,0,0,0
CRUK0025_SU_T1-R1,0,0,0,0,0.102136499569329,0.148078945013434,0,0,0,0,0,0,0,0,0,0,0,0,0,0,0,0,0,0,0,0,0,0,0,0,0,0,0,0,0,0,0,0,0.0728127215259983,0,0,0,0,0,0,0,0.123593663599776,0,0,0,0,0,0,0,0,0.127532051337504,0,0,0,0,0,0,0,0.202299534102414,0,0,0,0,0,0,0,0,0,0.151661897995332,0,0,0,0,0,0,0.0718846868562126,0,0,0,0,0
CRUK0025_SU_T1-R2,0,0,0,0,0.0792111007776053,0.185117172774851,0,0,0,0,0,0,0,0,0,0,0,0,0,0,0,0,0,0,0,0,0,0,0,0,0,0,0,0,0,0,0,0,0.0883966080261305,0.0761009509163013,0,0,0,0,0,0,0.121836582729997,0,0,0,0,0,0,0,0,0.12276263850932,0,0,0,0,0,0,0,0.199622371219607,0,0,0,0,0,0,0,0,0,0.126952575046188,0,0,0,0,0,0,0,0,0,0,0,0
CRUK0025_SU_T1-R3,0.0939972871597575,0,0,0,0,0.107700587605489,0,0,0,0,0,0,0,0,0,0,0,0.0857886389592122,0,0,0,0,0,0,0,0,0,0,0,0,0,0,0,0,0,0,0,0,0,0.0972459739825605,0,0,0,0,0,0,0.143253848604052,0,0,0,0,0,0,0,0,0.131184566961014,0,0,0,0,0,0,0,0.202854641433845,0,0,0,0,0,0,0,0,0,0.13797445529407,0,0,0,0,0,0,0,0,0,0,0,0
CRUK0026_SU_T1-R1,0,0,0.0919514936111505,0,0,0.236292008560661,0,0,0,0,0,0,0,0,0,0,0,0,0,0,0,0,0,0,0,0,0,0,0,0,0,0,0.0924253780987978,0,0,0,0,0,0,0,0,0,0,0,0,0,0.0976294236690996,0,0,0.120799466000112,0,0,0,0,0,0.191154419839989,0,0,0,0,0,0,0,0.16974781022019,0,0,0,0,0,0,0,0,0,0,0,0,0,0,0,0,0,0,0,0,0,0
CRUK0026_SU_T1-R2,0,0,0,0,0.110364159792528,0.235397387351205,0,0,0,0,0,0,0,0,0,0,0,0,0,0,0,0,0,0,0,0,0,0,0,0,0,0,0,0,0,0,0,0,0,0,0,0,0,0,0,0,0.154675977008112,0,0,0,0,0,0,0,0,0.120455500417029,0,0,0,0,0,0,0,0.191739393435294,0,0,0,0,0,0,0,0,0,0.187367581995831,0,0,0,0,0,0,0,0,0,0,0,0
CRUK0027_SU_T1-R1,0.087752406280192,0,0,0,0,0.126227926879401,0,0,0,0,0,0,0,0,0,0,0,0.0913095814465898,0,0,0,0,0,0,0,0.0990409355295884,0,0,0,0,0,0,0,0,0,0,0,0,0.079186085248559,0,0,0,0,0,0,0,0.0946261879290844,0,0,0,0,0,0,0,0,0.067512536526739,0,0,0,0,0,0,0,0.192724788666545,0,0,0,0,0,0,0,0,0,0.161619551493301,0,0,0,0,0,0,0,0,0,0,0,0
CRUK0027_SU_T1-R2,0,0,0,0.183235656292595,0,0.191875453948395,0,0,0,0,0,0,0,0,0,0,0,0,0,0,0,0,0,0,0,0,0,0,0,0,0,0,0,0,0,0,0,0,0.0799416329239978,0,0,0,0,0,0,0,0.129905992333712,0,0,0,0,0,0,0,0,0.138287614484129,0,0,0,0,0,0,0,0.154543211261643,0,0,0,0,0,0,0,0,0,0.122210438755529,0,0,0,0,0,0,0,0,0,0,0,0
CRUK0027_SU_T1-R3,0,0,0,0,0.171656018412003,0.17818056411521,0,0,0,0,0,0,0,0,0,0,0,0,0,0,0,0,0,0,0,0,0,0,0,0,0,0,0,0,0,0,0,0,0.130401661203926,0,0,0,0,0,0,0,0.109627624477157,0,0,0,0,0,0,0,0,0.100748037852393,0,0,0,0,0,0,0,0.190786324826809,0,0,0,0,0,0,0,0,0,0.118599769112503,0,0,0,0,0,0,0,0,0,0,0,0
CRUK0028_SU_T1-R1,0,0,0,0,0,0.207268566343014,0,0,0,0,0,0,0,0,0,0,0,0.143426700001535,0,0,0,0,0,0,0,0,0,0,0,0,0,0,0,0,0,0,0,0,0.122465794300908,0,0,0,0,0,0,0,0.125070589209283,0,0,0,0,0,0,0,0,0,0,0,0,0,0,0,0,0.214926181916553,0,0,0,0,0,0,0,0,0,0.186842168228707,0,0,0,0,0,0,0,0,0,0,0,0
CRUK0028_SU_T1-R2,0,0,0,0,0,0.202306816621608,0,0,0,0,0,0,0,0,0,0,0,0,0,0,0,0,0,0,0,0,0,0,0,0,0,0,0,0,0,0,0,0,0.0850919936485617,0.0718798410832637,0,0,0,0,0,0,0.176898738212609,0,0,0,0,0,0,0,0,0.10854485035929,0,0,0,0,0,0,0,0.225468762092587,0,0,0,0,0,0,0,0,0,0.12980899798208,0,0,0,0,0,0,0,0,0,0,0,0
CRUK0029_SU_T1-R1,0,0,0,0,0,0.136175412144499,0,0,0,0,0,0,0,0,0,0,0,0.0832570841120581,0,0,0,0,0,0,0,0,0,0,0,0,0,0,0,0,0,0,0,0,0.0974742536009154,0,0,0,0,0,0,0,0.210605262519511,0,0,0.0920589990316047,0,0,0,0,0,0.098638869410934,0,0,0,0,0,0,0,0.156103252028438,0,0,0,0,0,0,0,0,0,0.125686867152039,0,0,0,0,0,0,0,0,0,0,0,0
CRUK0029_SU_T1-R2,0.151608077863239,0,0,0,0,0.107663148845499,0,0,0,0,0,0,0,0,0,0,0,0,0,0,0,0,0,0,0,0,0,0,0,0,0,0,0,0,0,0,0,0,0,0,0,0,0,0,0,0,0.215383517579228,0,0,0,0,0,0,0,0,0.198828785727075,0,0,0,0,0,0,0,0.225173777565615,0,0,0,0,0,0,0,0,0,0,0,0,0,0,0,0,0.101342692419343,0,0,0,0,0
CRUK0029_SU_T1-R4,0.119112827459423,0,0,0,0.235635376963608,0.0754593707317828,0,0,0,0,0,0,0,0,0,0,0,0,0,0,0,0,0,0,0,0,0,0,0,0,0,0,0,0,0,0,0,0,0.0757649410427422,0,0,0,0,0,0,0,0.151809924084361,0,0,0,0,0,0,0,0,0.160893572788069,0,0,0,0,0,0,0,0.181323986930014,0,0,0,0,0,0,0,0,0,0,0,0,0,0,0,0,0,0,0,0,0,0
CRUK0029_SU_T1-R5,0.0949828847587465,0,0,0,0.287993729326971,0.0780691999924807,0,0,0,0,0,0,0,0,0,0,0,0,0,0,0,0,0,0,0,0,0,0,0,0,0,0,0,0,0,0,0,0,0,0.113609062097252,0,0,0,0,0,0,0,0,0,0,0,0,0,0,0,0.0936528395004276,0,0,0,0,0,0,0,0.19014218224577,0,0,0,0,0,0,0,0,0,0.141550102078353,0,0,0,0,0,0,0,0,0,0,0,0
CRUK0029_SU_T1-R6,0.0835844197514147,0,0,0,0,0.158430493330624,0,0,0,0,0,0,0,0,0,0,0,0,0,0,0,0,0,0,0,0,0,0,0,0,0,0,0,0,0,0,0,0,0.0739047270622193,0.0895002267707077,0,0,0,0,0,0,0.193738020000669,0,0,0,0,0,0,0,0,0.120687873304774,0,0,0,0,0,0,0,0.187232265515885,0,0,0,0,0,0,0,0,0,0,0,0,0,0,0.0929219742637066,0,0,0,0,0,0,0
CRUK0029_SU_T1-R7,0,0,0,0,0,0.243591591541546,0,0.0802071147967834,0,0,0,0,0,0,0,0,0,0,0,0,0,0,0,0,0,0,0,0,0,0,0,0,0,0,0,0,0,0,0,0.0902430330556358,0,0,0,0,0,0,0.186327748272252,0,0,0,0,0,0,0,0,0.108943919646763,0,0,0,0,0,0,0,0.195059803534559,0,0,0,0,0,0,0,0,0,0.0956267891524608,0,0,0,0,0,0,0,0,0,0,0,0
CRUK0029_SU_T1-R8,0.0781656961181976,0,0,0,0,0.161166632502288,0,0,0,0,0,0,0,0,0,0,0,0,0,0,0,0,0,0,0,0,0,0,0,0,0,0,0,0,0,0,0,0,0.105464564692989,0.0723807321085619,0,0,0,0,0,0,0.145319692098876,0,0,0,0,0,0,0,0,0.127372047932458,0,0,0,0,0,0,0,0.20612497779985,0,0,0,0,0,0,0,0,0,0.104005656746779,0,0,0,0,0,0,0,0,0,0,0,0
CRUK0030_SU_T2-R1,0,0,0,0,0,0.123485555873728,0,0.10738737791158,0,0,0,0,0,0,0,0,0,0,0,0,0.118213137485244,0,0,0,0,0,0,0,0,0,0,0,0,0,0,0,0.103671771447873,0,0,0,0,0,0,0,0,0,0.142340729296377,0,0,0,0,0,0,0,0,0,0,0,0,0,0,0,0,0.194570748741317,0,0,0,0,0,0,0,0,0,0.21033067924388,0,0,0,0,0,0,0,0,0,0,0,0
CRUK0030_SU_T2-R2,0,0,0,0,0,0.169421464420864,0,0,0,0,0,0,0,0,0,0,0,0,0,0,0,0,0,0,0,0,0,0,0,0,0,0,0,0,0,0,0,0,0.105039792284175,0.0816343518696361,0,0,0,0,0.102532616742839,0,0.126880514838832,0,0,0,0,0,0,0,0,0,0,0,0,0,0,0,0,0.215593329613571,0,0,0,0,0,0,0,0,0,0.198897930230083,0,0,0,0,0,0,0,0,0,0,0,0
CRUK0030_SU_T2-R3,0,0,0,0,0,0.202818942627827,0,0,0,0,0,0,0,0,0,0,0,0,0,0,0,0,0,0,0,0,0,0,0,0,0,0,0,0.10683375700742,0,0,0,0,0.104770065096858,0.0861033895472292,0,0,0,0,0,0,0.10910932244374,0,0,0,0,0,0,0,0,0,0,0,0,0,0,0,0,0.168620733322658,0,0,0,0,0,0,0,0,0,0.221743789954268,0,0,0,0,0,0,0,0,0,0,0,0
CRUK0031_SU_T1-R1,0,0,0,0,0,0.236826478102471,0,0,0,0,0,0,0,0,0,0,0,0,0,0,0,0,0,0,0,0,0,0,0,0,0,0,0,0,0,0,0,0,0,0.0910137340819839,0,0,0,0,0,0,0.162367040106885,0,0,0,0,0,0,0,0,0.11813342546854,0,0,0,0,0,0,0,0.215035523077441,0,0,0,0,0,0,0,0,0,0.176623799162679,0,0,0,0,0,0,0,0,0,0,0,0
CRUK0031_SU_T1-R2,0,0,0,0,0.161582426697733,0.206993526543613,0,0,0,0,0,0,0,0,0,0,0,0,0,0,0,0,0,0,0,0,0,0,0,0,0,0,0,0,0,0,0,0,0.0927316131327501,0,0,0,0,0,0,0,0.20392379631701,0,0,0,0,0,0,0,0,0,0,0,0,0,0,0,0,0.182146910369768,0,0,0,0,0,0,0,0,0,0.152621726939126,0,0,0,0,0,0,0,0,0,0,0,0
CRUK0031_SU_T1-R3,0,0,0,0,0,0.237569199918447,0,0,0,0,0,0,0,0,0,0,0,0,0,0,0,0,0,0,0,0,0,0,0,0,0,0,0,0,0,0,0,0,0.0928165916419725,0,0,0,0,0,0,0,0.171948820152976,0,0,0,0,0,0,0,0,0.127857753054962,0,0,0,0,0,0,0,0.212055538085302,0,0,0,0,0,0,0,0,0,0.15775209714634,0,0,0,0,0,0,0,0,0,0,0,0
CRUK0032_SU_T1-R1,0,0,0,0,0.102567422235235,0.186049914660298,0,0,0,0,0,0,0,0,0,0,0,0,0,0,0,0,0,0,0,0,0,0,0,0,0,0,0,0,0,0,0,0,0.0760821540209085,0.0739742164449966,0,0,0,0,0,0,0.0999258316966894,0,0,0,0,0,0.0661998318111092,0,0,0.0708464446378547,0,0,0,0,0,0,0,0.186573895940312,0,0,0,0,0,0,0,0,0,0.137780288552597,0,0,0,0,0,0,0,0,0,0,0,0
CRUK0032_SU_T1-R2,0,0,0,0.115449522140754,0,0.216318833838013,0,0,0,0,0,0,0,0,0,0,0,0,0,0,0,0,0,0,0,0,0,0,0,0,0,0,0,0,0,0,0,0,0.0855316537419514,0,0,0,0,0,0,0,0.161102122773827,0,0,0,0,0,0,0,0,0.0997671457060617,0,0,0,0,0,0,0,0.213107206702126,0,0,0,0,0,0,0,0,0,0.108723515097267,0,0,0,0,0,0,0,0,0,0,0,0
CRUK0032_SU_T1-R3,0.0676174508880391,0,0,0,0.113418805383899,0.169580205352895,0,0,0,0,0,0,0,0,0,0,0,0,0,0,0,0,0,0,0,0,0,0,0,0,0,0,0,0,0,0,0,0,0.100317947201424,0.0758444300383224,0,0,0,0,0,0,0.126833014722573,0,0,0,0,0,0,0,0,0.0697377562519015,0,0,0,0,0,0,0,0.165680691137088,0,0,0,0,0,0,0,0,0,0.110969699023858,0,0,0,0,0,0,0,0,0,0,0,0
CRUK0032_SU_T1-R4,0,0,0,0.15093942837896,0,0.20948242340256,0,0,0,0,0,0,0,0,0,0,0,0,0,0,0,0,0,0,0,0,0,0,0,0,0,0,0,0,0,0,0,0,0.0937502001185707,0,0,0,0,0,0,0,0.134856838539538,0,0,0,0,0,0,0,0,0.0955055410909039,0,0,0,0,0,0,0,0.207862349965635,0,0,0,0,0,0,0,0,0,0.107603218503832,0,0,0,0,0,0,0,0,0,0,0,0
CRUK0033_SU_T1-R1,0,0,0,0,0,0.207699819833327,0,0,0,0,0,0,0,0,0,0,0,0,0,0,0,0,0,0,0,0,0,0,0,0,0,0,0,0,0,0,0,0,0.0928806086063911,0.0968791947113445,0,0,0,0,0,0,0.127808078310876,0,0,0,0,0,0,0,0,0.104497111833004,0,0,0,0,0,0,0,0.232415493950423,0,0,0,0,0,0,0,0,0,0.137819692754634,0,0,0,0,0,0,0,0,0,0,0,0
CRUK0033_SU_T1-R2,0,0,0,0,0.0939249098399963,0.212561776687437,0,0,0,0,0,0,0,0,0,0,0,0,0,0,0,0,0,0,0,0,0,0,0,0,0,0,0,0,0,0,0,0,0.0939856259681252,0,0,0,0,0,0,0,0.167276717672701,0,0,0,0,0,0,0,0,0.0903387751310968,0,0,0,0,0,0,0,0.214840190115014,0,0,0,0,0,0,0,0,0,0.127072004585629,0,0,0,0,0,0,0,0,0,0,0,0
CRUK0034_SU_T1-R1,0,0,0,0,0.244633150602623,0.116363881101717,0,0,0,0,0,0,0,0,0,0,0,0,0,0,0,0,0,0,0,0,0,0,0,0,0,0,0,0,0,0,0,0,0.0745245633722506,0.081888152329565,0,0,0,0,0,0,0,0,0,0,0,0,0.0853039667671257,0,0,0.0871776010172559,0,0,0,0,0,0,0,0.109974393108197,0,0,0,0,0,0,0,0,0,0.200134291701266,0,0,0,0,0,0,0,0,0,0,0,0
CRUK0034_SU_T1-R2,0,0,0,0.135696631271023,0,0.145609054471097,0,0,0,0,0,0,0,0,0,0,0,0,0,0,0,0,0,0,0,0,0,0,0,0,0,0.104191233711585,0,0,0,0,0,0,0,0,0,0,0,0,0,0,0.0934613442508594,0,0,0,0,0,0,0,0.166884073256405,0,0,0,0,0,0,0,0,0.121050861203478,0,0,0,0,0,0,0,0,0,0,0,0,0,0,0,0,0.233106801835552,0,0,0,0,0
CRUK0034_SU_T1-R3,0.0972809460273068,0,0,0,0.498387197343091,0,0,0,0,0,0,0,0,0,0,0,0,0,0,0,0,0,0,0,0,0,0,0,0,0,0,0,0,0,0,0,0,0,0,0,0,0,0,0,0,0,0,0,0,0,0,0,0,0,0,0.111064801358048,0,0,0,0,0,0,0,0.144130074491326,0,0,0,0,0,0,0,0,0,0.149136980780228,0,0,0,0,0,0,0,0,0,0,0,0
CRUK0035_SU_T1-R1,0,0,0,0,0,0.238681639994762,0,0,0,0,0,0,0,0,0,0,0,0,0,0,0,0,0,0,0,0,0,0,0,0,0,0,0,0,0,0,0,0,0.0857769898972588,0,0,0,0,0,0,0,0.190821364766803,0,0,0,0,0,0,0,0,0.105864240574774,0,0,0,0,0,0,0,0.239367683827158,0,0,0,0,0,0,0,0,0,0.139488080939244,0,0,0,0,0,0,0,0,0,0,0,0
CRUK0035_SU_T1-R2,0,0,0,0,0.131958551559449,0.244287591706642,0,0,0,0,0,0,0,0,0,0,0,0,0,0,0,0,0,0,0,0,0,0,0,0,0,0,0,0,0,0,0,0,0,0,0,0,0,0,0,0,0.174288454109896,0,0,0,0,0,0,0,0,0.137642440401173,0,0,0,0,0,0,0,0.199979429366758,0,0,0,0,0,0,0,0,0,0.111843532856083,0,0,0,0,0,0,0,0,0,0,0,0
CRUK0035_SU_T1-R3,0,0,0,0,0.236407452836081,0.12376695894662,0,0.0798694575367873,0,0,0,0,0,0,0,0,0,0.149310071389037,0,0,0,0,0,0,0,0,0,0,0,0,0,0,0,0,0,0,0,0,0,0,0,0,0,0,0,0,0,0,0,0,0,0,0,0.0983330027383228,0,0,0,0,0,0,0,0,0,0.115704351148987,0,0,0,0,0,0,0,0,0,0.196608705404164,0,0,0,0,0,0,0,0,0,0,0,0
CRUK0036_SU_T1-R1,0,0,0,0,0.0728525899735081,0.176470518484007,0,0,0,0,0,0,0,0,0,0,0,0,0,0,0,0,0,0,0,0,0,0,0,0,0,0,0,0,0,0,0,0,0.135883773955343,0.0866217413501921,0,0,0,0,0,0,0.100381307194167,0,0,0,0,0,0,0,0,0.0860949795033773,0,0,0,0,0,0,0,0.184828990918574,0,0,0,0,0,0,0,0,0,0.156866098620832,0,0,0,0,0,0,0,0,0,0,0,0
CRUK0036_SU_T1-R2,0,0,0,0,0,0.221778225673302,0,0,0,0,0,0,0,0,0,0,0,0,0,0,0,0,0,0,0,0,0,0,0,0,0,0,0,0,0,0,0,0,0.0965242483952248,0.0758527386390614,0,0,0,0,0,0,0.152139749846108,0,0,0,0,0,0,0,0,0.100200307678949,0,0,0,0,0,0,0,0.184545624765048,0,0,0,0,0,0,0,0,0,0.168959105002307,0,0,0,0,0,0,0,0,0,0,0,0
CRUK0036_SU_T1-R3,0.105428521878233,0,0,0,0.34413316362512,0.0699668744383851,0,0,0,0,0,0,0,0,0,0,0,0,0,0,0,0,0,0,0,0,0,0,0,0,0,0,0,0,0,0,0,0,0.0708109855874365,0,0,0,0,0,0,0,0,0,0,0,0,0,0,0,0,0.0785322004903851,0,0,0,0,0,0,0,0.220472772845682,0,0,0,0,0,0,0,0,0,0.110655481134758,0,0,0,0,0,0,0,0,0,0,0,0
CRUK0036_SU_T1-R4,0,0,0,0,0,0.208234198442232,0,0,0,0,0,0,0,0,0,0,0,0,0,0,0,0,0,0,0,0,0,0,0,0,0,0,0,0,0,0,0,0,0.141493173613947,0,0,0,0,0,0,0,0.169254508497419,0,0,0,0,0,0,0,0,0.125310653058221,0,0,0,0,0,0,0,0.200912193178778,0,0,0,0,0,0,0,0,0,0.154795273209403,0,0,0,0,0,0,0,0,0,0,0,0
CRUK0037_SU_T1-R1,0.0897219091482081,0,0,0,0,0.202387786347709,0,0,0,0,0,0,0,0,0,0,0,0,0,0,0,0,0,0,0,0,0,0,0,0,0,0,0,0,0,0,0,0,0.0803551488680017,0,0,0,0,0,0,0,0.161578718991129,0,0,0,0,0,0,0,0,0.130050191478485,0,0,0,0,0,0,0,0.235561330609158,0,0,0,0,0,0,0,0,0,0.100344914557309,0,0,0,0,0,0,0,0,0,0,0,0
CRUK0037_SU_T1-R2,0,0,0,0,0,0.206971948195817,0,0,0,0,0,0,0,0,0,0,0,0,0,0,0,0,0,0,0,0,0,0,0,0,0,0,0,0,0,0,0,0,0.104380459096589,0,0,0,0,0,0,0,0.188903653607197,0,0,0,0,0,0,0,0,0.1359029132104,0,0,0,0,0,0,0,0.232580580522731,0,0,0,0,0,0,0,0,0,0.131260445367266,0,0,0,0,0,0,0,0,0,0,0,0
CRUK0037_SU_T1-R3,0,0,0,0,0,0.178967163870662,0,0,0,0,0,0,0,0,0,0,0,0,0,0,0,0,0,0,0,0,0,0,0,0,0,0,0,0.0707498892791555,0,0,0,0,0.085976328692376,0.0863068642881948,0,0,0,0,0,0,0.126375506389367,0,0,0,0,0,0,0,0,0.126584250687854,0,0,0,0,0,0,0,0.180211640129274,0,0,0,0,0,0,0,0,0,0.144828356663117,0,0,0,0,0,0,0,0,0,0,0,0
CRUK0037_SU_T1-R4,0,0,0,0,0,0.252125733737888,0,0,0,0,0,0,0,0,0,0,0,0,0,0,0,0,0,0,0,0,0,0,0,0,0,0,0,0,0,0,0,0,0,0.085803350158764,0,0,0,0,0,0,0.161880240206831,0,0,0,0,0,0,0,0,0.125228088929814,0,0,0,0,0,0,0,0.250267035082041,0,0,0,0,0,0,0,0,0,0.124695551884662,0,0,0,0,0,0,0,0,0,0,0,0
CRUK0037_SU_T1-R5,0,0,0,0,0,0.253628756872799,0,0,0,0,0,0,0,0,0,0,0,0,0,0,0,0,0,0,0,0,0,0,0,0,0,0,0,0,0,0,0,0,0.108739989089773,0,0,0,0,0,0,0,0.141069361032343,0,0,0,0,0,0,0,0,0.113807333554731,0,0,0,0,0,0,0,0.25583506937909,0,0,0,0,0,0,0,0,0,0.126919490071264,0,0,0,0,0,0,0,0,0,0,0,0
CRUK0038_SU_T1-R1,0,0,0,0,0,0.223271642327989,0,0,0,0,0,0,0,0,0,0,0,0,0,0,0,0,0,0,0,0,0,0,0,0,0,0,0,0,0,0,0,0,0.0946322655997322,0,0,0,0,0,0,0,0.169704051945987,0,0,0,0,0,0,0,0,0.153152201765684,0,0,0,0,0,0,0,0.220794524799026,0,0,0,0,0,0,0,0,0,0.138445313561582,0,0,0,0,0,0,0,0,0,0,0,0
CRUK0038_SU_T1-R2,0.0914047296279047,0,0,0,0,0.169047618139455,0,0,0,0,0,0,0,0,0,0,0,0,0,0,0,0,0,0,0,0,0,0,0,0,0,0,0,0,0,0,0,0,0.108739908112016,0.0942349323951479,0,0,0,0,0,0,0.0787081101996239,0,0,0,0,0,0.0872612779200334,0,0,0.10923352007147,0,0,0,0,0,0,0,0.153621701229774,0,0,0,0,0,0,0,0,0,0.107748202304576,0,0,0,0,0,0,0,0,0,0,0,0
CRUK0039_SU_T1-R1,0,0,0.154301937858042,0.243138633908767,0,0.21229470508415,0,0,0,0,0,0,0,0,0,0,0,0,0,0,0,0,0,0,0,0,0,0,0,0,0,0,0,0,0,0,0,0,0,0,0,0,0,0,0,0,0,0,0,0,0,0,0,0,0,0,0,0,0,0,0,0,0,0.192270904440202,0,0,0,0,0,0,0,0,0,0.19799381870884,0,0,0,0,0,0,0,0,0,0,0,0
CRUK0039_SU_T1-R2,0,0,0.0975885604925262,0.323519072720632,0,0.149852578299753,0,0,0,0,0,0,0,0,0,0,0,0,0,0,0,0,0,0,0,0,0,0,0,0,0,0,0,0,0,0,0,0,0,0,0,0,0,0,0,0,0.126975666734623,0,0,0,0,0,0,0,0,0.102841473940941,0,0,0,0,0,0,0,0.199222647811525,0,0,0,0,0,0,0,0,0,0,0,0,0,0,0,0,0,0,0,0,0,0
CRUK0039_SU_T1-R3,0,0,0,0.27773056555047,0,0.144919614886978,0,0.102201651405946,0,0,0,0,0,0,0,0,0,0,0,0,0,0,0,0,0,0,0,0,0,0,0,0,0,0,0,0,0,0,0,0,0,0,0,0,0,0,0.116664361247446,0,0,0,0,0,0,0,0,0.0920649743081522,0,0,0,0,0,0,0,0.170750522476192,0,0,0,0,0,0,0,0,0,0.0956683101248161,0,0,0,0,0,0,0,0,0,0,0,0
CRUK0040_SU_T1-R1,0,0,0,0,0.0766216261443743,0.2008541396521,0,0,0,0,0,0,0,0,0,0,0,0,0,0,0,0,0,0,0,0,0,0,0,0,0,0,0,0,0,0,0,0,0.100065975368903,0,0,0,0,0,0,0,0.123739446300683,0,0,0,0,0,0,0,0,0.110232676329462,0,0,0,0,0,0,0,0.191617120283434,0,0,0,0,0,0,0,0,0,0.196869015921043,0,0,0,0,0,0,0,0,0,0,0,0
CRUK0040_SU_T1-R2,0,0,0,0,0,0.207483034341916,0,0,0,0,0,0,0,0,0,0,0,0,0,0,0,0,0,0,0,0,0,0,0,0,0,0,0,0,0,0,0,0,0.130906855555731,0,0,0,0,0,0,0,0.157473229623003,0,0,0,0,0,0,0,0,0.170732977810134,0,0,0,0,0,0,0,0.198896622573336,0,0,0,0,0,0,0,0,0,0.13450728009588,0,0,0,0,0,0,0,0,0,0,0,0
CRUK0041_SU_T1-R1,0,0,0,0,0,0.27640343699935,0,0,0,0,0,0,0,0,0,0,0,0,0,0,0,0,0,0,0,0,0,0,0,0,0,0,0,0,0,0,0,0,0,0,0,0,0,0,0,0,0.197360258735398,0,0,0,0,0,0,0,0,0.116014794589859,0,0,0,0,0,0,0,0.241055196799667,0,0,0,0,0,0,0,0,0,0.169166312875727,0,0,0,0,0,0,0,0,0,0,0,0
CRUK0041_SU_T1-R2,0,0,0,0,0,0.12586510357646,0,0,0,0,0,0,0,0,0,0,0,0,0,0,0,0,0,0,0,0,0,0,0,0,0,0,0,0,0,0,0,0,0.0859943001066843,0.129577981040488,0,0,0,0,0,0,0.124349942757211,0,0,0,0,0,0.0879335331070944,0,0,0.0992272205770419,0,0,0,0,0,0,0,0.175452870242722,0,0,0,0,0,0,0,0,0,0.171599048592299,0,0,0,0,0,0,0,0,0,0,0,0
CRUK0041_SU_T1-R3,0,0,0,0,0.103822571955539,0.196236326239224,0,0,0,0,0,0,0,0,0,0,0,0,0,0,0,0,0,0,0,0,0,0,0,0,0,0,0,0,0,0,0,0,0.0900811150877374,0,0,0,0,0,0,0,0.119010026016508,0,0,0,0,0,0,0,0,0.116797696794178,0,0,0,0,0,0,0,0.182708969385452,0,0,0,0,0,0,0,0,0,0.191343294521362,0,0,0,0,0,0,0,0,0,0,0,0
CRUK0041_SU_T1-R4,0.105484645819618,0,0,0,0,0.161965924339059,0,0,0,0,0,0,0,0,0,0,0,0,0,0,0,0,0,0,0,0,0,0,0,0,0,0,0,0,0,0,0,0,0,0.130176205494672,0,0,0,0,0,0,0.156951778230941,0,0,0,0,0,0.109245381571385,0,0,0.160994754937571,0,0,0,0,0,0,0,0.175181309606754,0,0,0,0,0,0,0,0,0,0,0,0,0,0,0,0,0,0,0,0,0,0
CRUK0042_SU_T1-R1,0,0,0.109295001586763,0,0,0.233475803659541,0,0,0,0,0,0,0,0,0,0,0,0,0,0,0,0,0,0,0,0,0,0,0,0,0,0,0,0,0,0,0,0,0.0870778762014878,0,0,0,0,0,0,0,0.109721629836684,0,0,0,0,0,0,0,0,0.113351534926691,0,0,0,0,0,0,0,0.213183011572746,0,0,0,0,0,0,0,0,0,0.133895142216088,0,0,0,0,0,0,0,0,0,0,0,0
CRUK0042_SU_T1-R2,0,0,0,0,0,0.233024508000752,0,0,0,0,0,0,0,0,0,0,0,0,0,0,0,0,0,0,0,0,0,0,0,0,0,0,0,0,0,0,0,0,0.161473955872156,0,0,0,0,0,0,0,0.156704879825866,0,0,0,0,0,0,0,0,0.108178748000454,0,0,0,0,0,0,0,0.223215463398498,0,0,0,0,0,0,0,0,0,0.117402444902275,0,0,0,0,0,0,0,0,0,0,0,0
CRUK0043_SU_T1-R1,0,0,0,0,0,0.172553949817558,0,0,0,0,0,0,0,0,0,0,0,0,0,0,0,0,0,0,0,0,0,0,0,0,0,0,0,0,0,0,0,0,0.084240682696575,0.0890536838220118,0,0,0,0,0,0,0.140391784021958,0,0,0,0,0,0.0778552104513857,0,0,0.127722370146814,0,0,0,0,0,0,0,0.178194666456034,0,0,0,0,0,0,0,0,0,0.129987652587663,0,0,0,0,0,0,0,0,0,0,0,0
CRUK0043_SU_T1-R2,0,0,0,0,0,0.211351076907206,0,0.103399020223075,0,0,0,0,0,0,0,0,0,0,0,0,0,0,0,0,0,0,0,0,0,0,0,0,0,0,0,0,0,0,0,0,0,0,0,0,0,0,0.177786476610246,0,0,0,0,0,0,0,0,0.116183701067406,0,0,0,0,0,0,0,0.228860830768221,0,0,0,0,0,0,0,0,0,0.162418894423846,0,0,0,0,0,0,0,0,0,0,0,0
CRUK0044_SU_T1-R1,0,0,0,0,0,0.170528296834462,0,0,0,0,0,0,0,0,0,0,0,0,0,0,0,0,0,0,0,0,0,0,0,0,0,0,0,0,0,0,0.10078774711811,0,0.0988223761820444,0,0,0,0,0,0,0,0.108916358649503,0,0,0,0,0,0,0,0,0.0840729166789902,0,0,0,0,0,0,0,0.190247744678716,0,0,0,0,0,0,0,0,0,0.136199678123379,0,0,0,0,0,0,0.110424881734795,0,0,0,0,0
CRUK0044_SU_T1-R2,0.0696246545925843,0,0,0,0.143012011855688,0.132135249788584,0,0,0,0,0,0,0,0,0,0,0,0,0,0,0,0,0,0,0,0,0,0,0,0,0,0,0,0.0662327273245888,0,0,0,0,0.0890773451013278,0,0,0,0,0,0.0670691957902524,0,0.0824326870543101,0,0,0,0,0,0,0,0,0.0829259179754145,0,0,0,0,0,0,0,0.133833925586856,0,0,0,0,0,0,0,0,0,0.133656284930394,0,0,0,0,0,0,0,0,0,0,0,0
CRUK0045_SU_T1-R1,0.0679784919327329,0,0,0,0.245548557479875,0.147703805085954,0,0,0,0,0,0,0,0,0,0,0,0,0,0,0,0,0,0,0,0,0,0,0,0,0,0,0,0,0,0,0,0,0,0.0735071272004166,0,0,0,0,0,0,0.10157881969113,0,0,0,0,0,0,0,0,0.0944684305228477,0,0,0,0,0,0,0,0.156923965803024,0,0,0,0,0,0,0,0,0,0.11229080228402,0,0,0,0,0,0,0,0,0,0,0,0
CRUK0045_SU_T1-R2,0.0743514929336385,0,0,0,0.131592297752283,0.184292173266077,0,0,0,0,0,0,0,0,0,0,0,0,0,0,0,0,0,0,0,0,0,0,0,0,0,0,0,0,0,0,0,0,0.0770043340567381,0.0710971629906266,0,0,0,0,0,0,0.129886191020001,0,0,0,0,0,0,0,0,0.0876406842307302,0,0,0,0,0,0,0,0.171218532372894,0,0,0,0,0,0,0,0,0,0.0729171313770113,0,0,0,0,0,0,0,0,0,0,0,0
CRUK0045_SU_T1-R3,0,0,0,0,0,0.221262759336583,0,0,0,0,0,0,0,0,0,0,0,0,0,0,0,0,0,0,0,0,0,0,0,0,0,0,0,0,0,0,0,0,0.130210171442281,0,0,0,0,0,0,0,0.16784059174552,0,0,0,0,0,0,0,0,0.132643446068389,0,0,0,0,0,0,0,0.201935924376791,0,0,0,0,0,0,0,0,0,0.146107107030437,0,0,0,0,0,0,0,0,0,0,0,0
CRUK0046_SU_T1-R1,0,0,0,0,0,0.160480633548283,0,0.0641191688418327,0,0,0,0,0,0,0,0,0,0,0,0,0,0,0,0,0,0,0,0,0,0,0,0.0709608444984816,0,0,0,0,0,0,0.0842248702396647,0.0666148308975111,0,0,0,0,0,0,0.0752717592151115,0,0,0,0,0,0,0,0,0.106453475311163,0,0,0,0,0,0,0,0.158174662228493,0,0,0,0,0,0,0,0,0,0.21369975521946,0,0,0,0,0,0,0,0,0,0,0,0
CRUK0046_SU_T1-R2,0,0,0,0,0,0.234219238174677,0,0,0,0,0,0,0,0,0,0,0,0,0,0,0,0,0,0,0,0,0,0,0,0,0,0,0,0,0,0,0,0,0.105891880911176,0,0,0,0,0,0,0,0.181273134213432,0,0,0,0,0,0,0,0,0.117726573160203,0,0,0,0,0,0,0,0.195110095260824,0,0,0,0,0,0,0,0,0,0.165779078279688,0,0,0,0,0,0,0,0,0,0,0,0
CRUK0046_SU_T1-R3,0,0,0,0,0,0.188393971072877,0,0,0,0,0,0,0,0,0,0,0,0,0,0,0,0,0,0,0,0,0,0,0,0,0,0,0,0,0,0,0,0,0.12609240057464,0,0,0,0,0,0,0,0.144171663956169,0,0,0,0,0,0,0,0,0.167846545633814,0,0,0,0,0,0,0,0.218362752881634,0,0,0,0,0,0,0,0,0,0.155132665880867,0,0,0,0,0,0,0,0,0,0,0,0
CRUK0046_SU_T1-R4,0,0,0,0,0,0.214576348670529,0,0,0,0,0,0,0,0,0,0,0,0,0,0,0,0,0,0,0,0,0,0,0,0,0,0,0,0.0718580163184901,0,0,0,0,0.129562463103343,0,0,0,0,0,0,0,0.131516095012442,0,0,0,0,0,0,0,0,0.0978356352192996,0,0,0,0,0,0,0,0.172737480954449,0,0,0,0,0,0,0,0,0,0.181913960721447,0,0,0,0,0,0,0,0,0,0,0,0
CRUK0047_SU_T1-R1,0.108294333878095,0,0,0,0,0.152033300645741,0,0,0,0,0,0,0,0,0,0,0,0,0,0,0,0,0,0,0,0,0,0,0,0,0,0,0,0,0,0,0,0,0.104507307874642,0,0,0,0,0,0,0,0.173665562682281,0,0,0,0,0,0,0,0,0,0,0,0,0,0,0,0,0.233669471554196,0,0,0,0,0,0,0,0,0,0.227830023365046,0,0,0,0,0,0,0,0,0,0,0,0
CRUK0047_SU_T1-R2,0,0,0,0,0,0.200066441255174,0,0.074008612272198,0,0,0,0,0,0,0,0,0,0,0,0,0,0,0,0,0,0,0,0,0,0,0,0,0,0.109463893328912,0,0,0,0,0.0929314512583293,0,0,0,0,0,0,0,0.114595893437108,0,0,0,0,0,0,0,0,0.0908909436198579,0,0,0,0,0,0,0,0.142231205867117,0,0,0,0,0,0,0,0,0,0.175811558961304,0,0,0,0,0,0,0,0,0,0,0,0
CRUK0048_SU_T1-R1,0.0705103269518998,0,0,0,0.0816782441976173,0.188135998170748,0,0,0,0,0,0,0,0,0,0,0,0.0691215905962177,0,0,0,0,0,0,0,0,0,0,0,0,0,0,0,0,0,0,0,0,0.0842497093053629,0,0,0,0,0,0,0,0.127247672990309,0,0,0,0,0,0,0,0,0.0851617870978976,0,0,0,0,0,0,0,0.178581083434878,0,0,0,0,0,0,0,0,0,0.11531358725507,0,0,0,0,0,0,0,0,0,0,0,0
CRUK0048_SU_T1-R2,0.0859472309058861,0,0,0,0.106913626522571,0.167040296392299,0,0,0,0,0,0,0,0,0,0,0,0,0,0,0,0,0,0,0,0,0,0,0,0,0,0,0,0,0,0,0,0,0.0901966890453439,0.1035776980315,0,0,0,0,0,0,0.134494412185493,0,0,0,0,0,0,0,0,0,0,0,0,0,0,0,0,0.204619152346031,0,0,0,0,0,0,0,0,0,0.107210894570876,0,0,0,0,0,0,0,0,0,0,0,0
CRUK0048_SU_T1-R3,0.0881417042004648,0,0,0,0.214526684787353,0.136366654808941,0,0,0,0,0,0,0,0,0,0,0,0,0,0,0,0,0,0,0,0,0,0,0,0,0,0,0,0,0,0,0,0,0,0.100312886720392,0,0,0,0,0,0,0.112292514509033,0,0,0,0,0,0,0,0,0.0834972604466532,0,0,0,0,0,0,0,0.173834336340009,0,0,0,0,0,0,0,0,0,0.0910279581871539,0,0,0,0,0,0,0,0,0,0,0,0
CRUK0049_SU_T1-R1,0,0,0,0.214078001637496,0,0.200105532439955,0,0,0,0,0,0,0,0,0,0,0,0,0,0,0,0,0,0,0,0,0,0,0,0,0,0,0,0,0,0,0,0,0,0,0,0,0,0,0,0,0.156799239736015,0,0,0,0,0,0,0,0,0.108036877466079,0,0,0,0,0,0,0,0.214215797459587,0,0,0,0,0,0,0,0,0,0,0,0,0,0,0,0,0.106764551260867,0,0,0,0,0
CRUK0049_SU_T1-R2,0,0,0,0.242386074398543,0,0.201157650061101,0,0,0,0,0,0,0,0,0,0,0,0,0,0,0,0,0,0,0,0,0,0,0,0,0,0,0,0,0,0,0,0,0,0,0,0,0,0,0,0,0.150996053748815,0,0,0,0,0,0,0,0,0.103806647992022,0,0,0,0,0,0,0,0.210408774121585,0,0,0,0,0,0,0,0,0,0.0912447996779344,0,0,0,0,0,0,0,0,0,0,0,0
CRUK0050_SU_T1-R1,0,0,0,0,0.0777917356929082,0.199755337116954,0,0.0745676609946526,0,0,0,0,0,0,0,0,0,0,0,0,0,0,0,0,0,0,0,0,0,0,0,0,0,0,0,0,0,0,0.0758987633301813,0,0,0,0,0,0,0,0.165845636947272,0,0,0,0,0,0,0,0,0.0966682830117576,0,0,0,0,0,0,0,0.180373839637914,0,0,0,0,0,0,0,0,0,0.12909874326836,0,0,0,0,0,0,0,0,0,0,0,0
CRUK0050_SU_T1-R2,0.0841435760483576,0,0,0,0,0.13594135564048,0,0,0,0,0,0,0,0,0,0,0,0,0,0,0,0,0,0,0,0,0,0,0,0,0,0,0,0.112662969621695,0,0,0,0,0.0801718575042396,0,0,0,0,0,0,0,0.216099172670615,0,0,0,0,0,0,0,0,0.131577592859309,0,0,0,0,0,0,0,0.156378319717178,0,0,0,0,0,0,0,0,0,0.0830251559381259,0,0,0,0,0,0,0,0,0,0,0,0
CRUK0050_SU_T1-R3,0,0,0,0.0942646900324042,0,0.180221459621726,0,0,0,0,0,0,0,0,0,0,0,0.0800792252648957,0,0,0,0,0,0,0,0,0,0,0,0,0,0,0,0,0,0,0,0,0,0,0,0,0,0,0,0,0.208782916452707,0,0,0,0,0,0,0,0,0.0949695804718922,0,0,0,0,0,0,0,0.182815881300054,0,0,0,0,0,0,0,0,0,0.158866246856321,0,0,0,0,0,0,0,0,0,0,0,0
CRUK0050_SU_T1-R4,0.113485671123722,0,0,0,0,0,0,0,0,0,0,0,0,0,0,0,0,0,0,0,0,0,0,0,0,0,0,0,0,0,0,0,0,0.0845394648043234,0,0,0,0,0.0964997003371594,0,0,0,0,0,0.143841868903257,0,0.0964827950675278,0,0,0,0,0,0,0,0,0.0934557333366224,0,0,0,0,0,0,0,0.209002616784157,0,0,0,0,0,0,0,0,0,0.162692149643231,0,0,0,0,0,0,0,0,0,0,0,0
CRUK0050_SU_T1-R5,0,0,0,0,0,0.135364263442551,0,0.0834749734636793,0,0,0,0,0,0,0,0,0,0,0,0,0,0,0,0,0,0,0,0,0,0,0,0,0,0,0,0,0,0,0,0,0,0,0,0,0,0,0.125030173044068,0,0,0,0,0,0.0707370823295152,0,0,0.14147960940546,0,0,0,0,0,0,0,0.240886046393958,0,0,0,0,0,0,0,0,0,0.203027851920769,0,0,0,0,0,0,0,0,0,0,0,0
CRUK0051_SU_T1-R2,0,0,0,0.100085501841859,0,0.158955290147276,0,0,0,0,0,0,0,0,0,0,0,0,0,0,0,0,0,0,0,0,0,0,0,0,0,0,0,0,0,0,0,0,0,0,0,0,0,0,0,0,0.236425527079566,0,0,0,0,0,0,0,0,0.173932108278737,0,0,0,0,0,0,0,0.21247649293887,0,0,0,0,0,0,0,0,0,0.118125079713692,0,0,0,0,0,0,0,0,0,0,0,0
CRUK0051_SU_T1-R3,0.103806297560171,0,0,0,0.171683976988909,0.122087266206229,0,0,0,0,0,0,0,0,0,0,0,0,0,0,0,0,0,0,0,0,0,0,0,0,0,0,0,0,0,0,0,0,0,0,0,0,0,0,0,0,0.136760880508252,0,0,0,0,0,0,0,0,0.114972899443993,0,0,0,0,0,0,0,0.215037874415507,0,0,0,0,0,0,0,0,0,0.135650804876939,0,0,0,0,0,0,0,0,0,0,0,0
CRUK0051_SU_T1-R4,0,0,0,0.0844993588592849,0,0.195225181797484,0,0,0,0,0,0,0,0,0,0,0,0,0,0,0,0,0,0,0,0,0,0,0,0,0,0,0,0,0,0,0,0,0.121404002099102,0,0,0,0,0,0,0,0.162974682838054,0,0,0,0,0,0,0,0,0.130651539068166,0,0,0,0,0,0,0,0.191090276920042,0,0,0,0,0,0,0,0,0,0.114154958417868,0,0,0,0,0,0,0,0,0,0,0,0
CRUK0052_SU_T1-R1,0,0,0,0.205833962556881,0,0.202965972566686,0,0.0761023367216706,0,0,0,0,0,0,0,0,0,0,0,0,0,0,0,0,0,0,0,0,0,0,0,0,0,0,0,0,0,0,0,0,0,0,0,0,0,0,0.0768340322605228,0,0,0,0,0,0,0,0,0.0847732626169989,0,0,0,0,0,0,0,0.183286900985346,0,0,0,0,0,0,0,0,0,0.170203532291896,0,0,0,0,0,0,0,0,0,0,0,0
CRUK0052_SU_T1-R2,0,0,0,0,0,0.212372613736174,0,0.0983512856880219,0,0,0,0,0,0,0,0,0,0,0,0,0,0,0,0,0,0,0,0,0,0,0,0,0,0,0,0,0,0,0,0,0,0,0,0,0,0,0.147409556573809,0,0,0,0,0,0,0,0,0.132201577696018,0,0,0,0,0,0,0,0.230546578743046,0,0,0,0,0,0,0,0,0,0.17911838756293,0,0,0,0,0,0,0,0,0,0,0,0
CRUK0052_SU_T1-R3,0.0875233383374827,0,0,0,0,0.122662877738024,0,0,0,0,0,0,0,0,0,0,0,0.148321581013168,0,0,0,0,0,0,0,0,0,0,0,0,0,0,0,0,0,0,0,0,0,0,0,0,0,0,0,0,0.160323788352479,0,0,0,0,0,0.158015870732494,0,0,0.0751295802126649,0,0,0,0,0,0,0,0.172917862715669,0,0,0,0,0,0,0,0,0,0.0751051008980184,0,0,0,0,0,0,0,0,0,0,0,0
CRUK0052_SU_T1-R4,0,0,0,0.210178185760428,0,0.191067632464986,0,0.087840947555195,0,0,0,0,0,0,0,0,0,0,0,0,0,0,0,0,0,0,0,0,0,0,0,0,0,0,0,0,0,0,0,0,0,0,0,0,0,0,0,0,0,0,0,0,0,0,0,0.133261962219095,0,0,0,0,0,0,0,0.211970982379415,0,0,0,0,0,0,0,0,0,0.165680289620881,0,0,0,0,0,0,0,0,0,0,0,0
CRUK0053_SU_T1-R1,0,0,0,0.0827107851668839,0,0.197798287011018,0,0,0,0,0,0,0,0,0,0,0,0,0,0,0,0,0,0,0,0,0,0,0,0,0,0,0,0,0,0,0,0,0.13118436000406,0,0,0,0,0,0,0,0.165725147699291,0,0,0,0,0,0,0,0,0.109356472405208,0,0,0,0,0,0,0,0.160021222160112,0,0,0,0,0,0,0,0,0,0.153203725553429,0,0,0,0,0,0,0,0,0,0,0,0
CRUK0053_SU_T1-R2,0,0,0,0.223342610958413,0.178525428526859,0.13035639736982,0,0,0,0,0,0,0,0,0,0,0,0,0,0,0,0,0,0,0,0,0,0,0,0,0,0,0,0,0,0,0,0,0,0,0,0,0,0,0,0,0.116840576749192,0,0,0,0,0,0,0,0,0.105860980191068,0,0,0,0,0,0,0,0.137741336970973,0,0,0,0,0,0,0,0,0,0.107332669233676,0,0,0,0,0,0,0,0,0,0,0,0
CRUK0054_SU_T1-R1,0,0,0,0,0,0.192494257138663,0,0.0893339423773586,0,0,0,0,0,0,0,0,0,0,0,0,0,0,0,0,0,0,0,0,0,0,0,0,0,0,0,0,0,0,0,0,0,0,0,0,0,0,0.125182295686661,0,0,0,0,0,0,0,0,0.204077679145885,0,0,0,0,0,0,0,0.233631038548301,0,0,0,0,0,0,0,0,0,0.155280787103132,0,0,0,0,0,0,0,0,0,0,0,0
CRUK0054_SU_T1-R2,0,0,0,0,0,0.209759528360813,0,0.0668875967794495,0,0,0,0,0,0,0,0,0,0,0,0,0,0,0,0,0,0,0,0,0,0,0,0,0,0,0,0,0,0,0.0952332594726987,0,0,0,0,0,0,0,0.146128958243677,0,0,0,0,0,0,0,0,0.0980874652119495,0,0,0,0,0,0,0,0.220574201353814,0,0,0,0,0,0,0,0,0,0.163328990577598,0,0,0,0,0,0,0,0,0,0,0,0
CRUK0055_SU_T1-R1,0,0,0,0,0,0.24486263637883,0,0,0,0,0,0,0,0,0,0,0,0,0,0,0,0,0,0,0,0,0,0,0,0,0,0,0,0,0,0,0,0,0.123178786205805,0,0,0,0,0,0,0,0.140397967067697,0,0,0,0,0,0,0,0,0.120094259999948,0,0,0,0,0,0,0,0.200910583718791,0,0,0,0,0,0,0,0,0,0.17055576662893,0,0,0,0,0,0,0,0,0,0,0,0
CRUK0055_SU_T1-R2,0.0738732240540862,0,0,0,0,0.204254023957555,0,0,0,0,0,0,0,0,0,0,0,0,0,0,0,0,0,0,0,0,0,0,0,0,0,0,0,0,0,0,0,0,0.0702833102983042,0.0871454423334359,0,0,0,0,0,0,0.127995615851709,0,0,0,0,0,0,0,0,0.101001641287585,0,0,0,0,0,0,0,0.199688521323319,0,0,0,0,0,0,0,0,0,0.135758220894006,0,0,0,0,0,0,0,0,0,0,0,0
CRUK0055_SU_T1-R3,0,0,0,0.131799950395293,0,0.237542322840143,0,0,0,0,0,0,0,0,0,0,0,0,0,0,0,0,0,0,0,0,0,0,0,0,0,0,0,0,0,0,0,0,0.0922942933369045,0,0,0,0,0,0,0,0.147896750078766,0,0,0,0,0,0,0,0,0,0,0,0,0,0,0,0,0.215449899504842,0,0,0,0,0,0,0,0,0,0.175016783844051,0,0,0,0,0,0,0,0,0,0,0,0
CRUK0055_SU_T1-R4,0.0647892279396292,0,0,0.0849805405851358,0.178738954406858,0.143998875921494,0,0,0,0,0,0,0,0,0,0,0,0,0,0,0,0,0,0,0,0,0,0,0,0,0,0,0,0,0,0,0,0,0.0745116018290122,0.0669060767793413,0,0,0,0,0,0,0.112612610379433,0,0,0,0,0,0,0,0,0.0644561650137107,0,0,0,0,0,0,0,0.138835702472585,0,0,0,0,0,0,0,0,0,0.0701702446728001,0,0,0,0,0,0,0,0,0,0,0,0
CRUK0056_SU_T1-R1,0.0681411636880907,0,0,0,0.125288809356929,0.146620436984294,0,0.0751372866803691,0,0,0,0,0,0,0,0,0,0,0,0,0,0,0,0,0,0,0,0,0,0,0,0,0,0,0,0,0,0,0.0608549992158143,0,0,0,0,0,0,0,0.123663026620413,0,0,0,0,0,0,0,0,0.120751394931291,0,0,0,0,0,0,0,0.164994205997629,0,0,0,0,0,0,0,0,0,0.11454867652517,0,0,0,0,0,0,0,0,0,0,0,0
CRUK0056_SU_T1-R2,0,0,0,0,0,0.176579322517026,0,0,0,0,0,0,0,0,0,0,0,0,0,0,0,0,0,0,0,0,0,0,0,0,0,0,0,0,0,0,0,0,0.0997449814058128,0.0987055779388481,0,0,0,0,0,0,0.125720834396963,0,0,0,0,0,0,0,0,0.133753796214463,0,0,0,0,0,0,0,0.211881490606019,0,0,0,0,0,0,0,0,0,0.153613996920868,0,0,0,0,0,0,0,0,0,0,0,0
CRUK0056_SU_T1-R3,0.0851460706343936,0,0,0,0,0.169248849959434,0,0,0,0,0,0,0,0,0,0,0,0,0,0,0,0,0,0,0,0,0,0,0,0,0,0,0,0,0,0,0,0,0.0953526279272168,0,0,0,0,0,0,0,0.177535884438999,0,0,0,0,0,0,0,0,0.12137672396437,0,0,0,0,0,0,0,0.220858384752588,0,0,0,0,0,0,0,0,0,0.130481458322999,0,0,0,0,0,0,0,0,0,0,0,0
CRUK0057_SU_T1-R1,0,0,0.10789250207026,0.193398474153219,0,0.119604411239575,0,0,0,0,0,0,0,0,0,0,0,0,0,0,0,0,0,0,0,0,0,0,0,0,0,0,0,0,0,0,0,0,0.0849030527386013,0,0,0,0,0,0,0,0.0914522053281488,0,0,0,0,0,0,0,0,0.0785612734374282,0,0,0,0,0,0,0,0.156969953988536,0,0,0,0,0,0,0,0,0,0.167218127044232,0,0,0,0,0,0,0,0,0,0,0,0
CRUK0057_SU_T1-R2,0.126353904867352,0,0,0,0,0.0955754230168487,0,0,0,0,0,0,0,0,0,0,0,0.0865809922178682,0,0,0,0,0,0,0,0,0,0,0,0,0,0,0,0,0,0,0,0,0,0,0,0,0,0,0,0,0.123178081927633,0,0,0,0,0,0.176766143971224,0,0,0.151967383354104,0,0,0,0,0,0,0,0.158450211740763,0,0,0,0,0,0,0,0,0,0,0,0,0,0,0,0,0,0,0.0811278589042074,0,0,0
CRUK0058_SU_T1-R1,0,0,0,0,0,0.178476866157312,0,0,0,0,0,0,0,0,0,0,0,0,0,0,0,0,0,0,0,0,0,0,0,0,0,0,0,0.101556462596257,0,0,0,0,0.0767381889097737,0,0,0,0,0,0,0,0.145222236368403,0,0,0,0,0,0,0,0,0.0951510038100966,0,0,0,0,0,0,0,0.193196653070463,0,0,0,0,0,0,0,0,0,0.139941458589016,0,0,0,0,0,0,0.0697171304986795,0,0,0,0,0
CRUK0058_SU_T1-R2,0,0,0,0,0,0.233967451113334,0,0,0,0,0,0,0,0,0,0,0,0,0,0,0,0,0,0,0,0,0,0,0,0,0,0,0,0,0,0,0,0,0.107244090274923,0,0,0,0,0,0,0,0.113915440926594,0,0,0,0,0,0,0,0,0.149113113830817,0,0,0,0,0,0,0,0.213858975153603,0,0,0,0,0,0,0,0,0,0.18190092870073,0,0,0,0,0,0,0,0,0,0,0,0
CRUK0059_SU_T1-R1,0,0,0,0,0,0.263147264915829,0,0,0,0,0,0,0,0,0,0,0,0,0,0,0,0,0,0,0,0,0,0,0,0,0,0,0,0,0,0,0,0,0,0,0,0,0,0,0,0,0.161497276816011,0,0,0,0,0,0,0,0,0.162455912146783,0,0,0,0,0,0,0,0.235830743488816,0,0,0,0,0,0,0,0,0,0.177068802632561,0,0,0,0,0,0,0,0,0,0,0,0
CRUK0059_SU_T1-R2,0,0,0,0,0,0.168392238526316,0,0,0,0,0,0,0,0,0,0,0,0,0,0,0.0916717482624414,0,0,0,0,0,0,0,0,0,0,0,0,0,0,0,0,0,0.0892398343783845,0.0757734727184079,0,0,0,0,0,0,0.184056076477523,0,0,0,0,0,0,0,0,0,0,0,0,0,0,0,0,0.214011263402238,0,0,0,0,0,0,0,0,0,0.17685536623469,0,0,0,0,0,0,0,0,0,0,0,0
CRUK0060_SU_T1-R1,0,0,0,0.407011885330135,0,0.128817323135754,0,0,0,0,0,0,0,0,0,0,0,0,0,0,0,0,0,0,0,0,0,0,0,0,0,0,0,0,0,0,0,0,0,0,0,0,0,0,0,0,0.13724895831153,0,0,0,0,0,0,0,0,0.0813294400327508,0,0,0,0,0,0,0,0.138742492068122,0,0,0,0,0,0,0,0,0,0.106849901121709,0,0,0,0,0,0,0,0,0,0,0,0
CRUK0060_SU_T1-R2,0,0,0,0,0.237257278243432,0.166267433597707,0,0,0,0,0,0,0,0,0,0,0,0,0,0,0,0,0,0,0,0,0,0,0,0,0,0,0,0,0,0,0,0,0,0,0,0,0,0,0,0,0.112069397760852,0,0,0,0,0,0,0,0,0,0,0,0,0,0,0,0,0.175664709684468,0,0,0,0,0,0,0,0,0,0.152766383199581,0,0,0,0,0,0,0.155974797513961,0,0,0,0,0
CRUK0061_SU_T1-R1,0.0802467850449821,0,0.158964598470295,0,0,0.17792831653144,0,0,0,0,0,0,0,0,0,0,0,0,0,0,0,0,0,0,0,0,0,0,0,0,0,0,0,0,0,0,0,0,0,0,0,0,0,0,0,0,0.132200299364102,0,0,0,0,0,0,0,0,0.155947582670721,0,0,0,0,0,0,0,0.172334037748054,0,0,0,0,0,0,0,0,0,0.122378380170407,0,0,0,0,0,0,0,0,0,0,0,0
CRUK0061_SU_T1-R2,0.0875069824803884,0,0,0,0.11770245467646,0.140146531854501,0,0,0,0,0,0,0,0,0,0,0,0,0,0,0,0,0,0,0,0,0,0,0,0,0,0,0,0,0,0,0,0,0.0821977582411435,0.0953746659156009,0,0,0,0,0,0,0.109698447950395,0,0,0,0,0,0,0,0,0.0740625465727326,0,0,0,0,0,0,0,0.184707941785484,0,0,0,0,0,0,0,0,0,0.108602670523294,0,0,0,0,0,0,0,0,0,0,0,0
CRUK0062_SU_T1-R1,0.079896770735473,0,0,0,0.192566553877387,0.139030843686353,0,0,0,0,0,0,0,0,0,0,0,0,0,0,0,0,0,0,0,0,0,0,0,0,0,0,0,0,0,0,0,0,0.0996125286905984,0.0796454160217948,0,0,0,0,0,0,0,0,0,0,0,0,0,0,0,0.0965426492090806,0,0,0,0,0,0,0,0.165635474165969,0,0,0,0,0,0,0,0,0,0.147069763613345,0,0,0,0,0,0,0,0,0,0,0,0
CRUK0062_SU_T1-R2,0.0701774491205834,0,0,0,0.229864091576746,0.159906314506711,0,0,0,0,0,0,0,0,0,0,0,0,0,0,0,0,0,0,0,0,0,0,0,0,0,0,0,0,0,0,0,0,0.095244506161945,0,0,0,0,0,0,0,0.0892787597790139,0,0,0,0,0,0,0,0,0.0807500979002774,0,0,0,0,0,0,0,0.153051018540804,0,0,0,0,0,0,0,0,0,0.12172776241392,0,0,0,0,0,0,0,0,0,0,0,0
CRUK0062_SU_T1-R3,0,0,0,0,0.192251552025537,0.143793436332049,0,0,0,0,0,0,0,0,0,0,0,0,0,0,0,0,0,0,0,0,0,0,0,0,0,0,0,0.0746641082989808,0,0,0,0,0.0931260404005101,0.0759151036345163,0,0,0,0,0,0,0.0781611761834697,0,0,0,0,0,0,0,0,0.0837328049630725,0,0,0,0,0,0,0,0.12793865748031,0,0,0,0,0,0,0,0,0,0.130417120681555,0,0,0,0,0,0,0,0,0,0,0,0
CRUK0062_SU_T1-R4,0.0746180234982636,0,0,0,0.184694235315439,0.14912020999076,0,0,0,0,0,0,0,0,0,0,0,0,0,0,0,0,0,0,0,0,0,0,0,0,0,0,0,0,0,0,0,0,0.080654037532963,0.0690294834853756,0,0,0,0,0,0,0.109436340873521,0,0,0,0,0,0,0,0,0.0840444039762617,0,0,0,0,0,0,0,0.139407532125498,0,0,0,0,0,0,0,0,0,0.108995733201918,0,0,0,0,0,0,0,0,0,0,0,0
CRUK0062_SU_T1-R5,0.0696381665617388,0,0,0,0.193496581523819,0.160884347708094,0,0,0,0,0,0,0,0,0,0,0,0,0,0,0,0,0,0,0,0,0,0,0,0,0,0,0,0,0,0,0,0,0.101174399761383,0.0919851670622101,0,0,0,0,0,0,0.110335224677667,0,0,0,0,0,0,0,0,0,0,0,0,0,0,0,0,0.157756323412447,0,0,0,0,0,0,0,0,0,0.114729789292642,0,0,0,0,0,0,0,0,0,0,0,0
CRUK0062_SU_T1-R6,0,0,0,0,0.182243745807441,0.224441028985237,0,0,0,0,0,0,0,0,0,0,0,0,0,0,0,0,0,0,0,0,0,0,0,0,0,0,0,0,0,0,0,0,0.103529767937424,0,0,0,0,0,0,0,0.149897699228271,0,0,0,0,0,0,0,0,0,0,0,0,0,0,0,0,0.198313759552698,0,0,0,0,0,0,0,0,0,0.141573998488928,0,0,0,0,0,0,0,0,0,0,0,0
CRUK0062_SU_T1-R7,0.10191800108445,0,0,0,0.236833155005927,0.136711223988957,0,0,0,0,0,0,0,0,0,0,0,0,0,0,0,0,0,0,0,0,0,0,0,0,0,0,0,0,0,0,0,0,0.0644998794084458,0,0,0,0,0,0,0,0.124363879165039,0,0,0,0,0,0,0,0,0.0953681975677577,0,0,0,0,0,0,0,0.137580636777247,0,0,0,0,0,0,0,0,0,0.102725027002176,0,0,0,0,0,0,0,0,0,0,0,0
CRUK0063_SU_T1-R3,0,0,0.0980827542213056,0,0,0.242189019777682,0,0,0,0,0,0,0,0,0,0,0,0,0,0,0,0,0,0,0,0,0,0,0,0,0,0,0,0.079630218841455,0,0,0,0,0,0,0,0,0,0,0,0,0.133103672009313,0,0,0,0,0,0,0,0,0.109564343808402,0,0,0,0,0,0,0,0.184578020992401,0,0,0,0,0,0,0,0,0,0.152851970349441,0,0,0,0,0,0,0,0,0,0,0,0
CRUK0063_SU_T1-R4,0,0,0,0,0,0.196010924685563,0,0,0,0,0,0,0,0,0,0,0,0,0,0,0,0,0,0,0,0,0,0,0,0,0,0,0,0,0,0,0,0,0.104213121948969,0.086150364820187,0,0,0,0,0,0,0.187107511589611,0,0,0,0,0,0,0,0,0.0806993141408082,0,0,0,0,0,0,0,0.223652209322267,0,0,0,0,0,0,0,0,0,0.122166553492595,0,0,0,0,0,0,0,0,0,0,0,0
CRUK0063_SU_T1-R5,0,0,0.181893780204552,0,0,0.219785082055204,0,0,0,0,0,0,0,0,0,0,0,0,0,0,0,0,0,0,0,0,0,0,0,0,0,0,0,0,0,0,0,0,0,0,0,0,0,0,0,0,0.133201778616875,0,0,0,0,0,0,0,0,0.149199854253826,0,0,0,0,0,0,0,0.189195959739609,0,0,0,0,0,0,0,0,0,0.126723545129933,0,0,0,0,0,0,0,0,0,0,0,0
CRUK0063_SU_T1-R6,0.145506834321451,0,0,0,0,0.22350672097893,0,0,0,0,0,0,0,0,0,0,0,0,0,0,0,0,0,0,0,0,0,0,0,0,0,0,0,0.140771190991425,0,0,0,0,0,0,0,0,0,0,0,0,0.226548915540237,0,0,0,0,0,0,0,0,0,0,0,0,0,0,0,0,0.263666338167957,0,0,0,0,0,0,0,0,0,0,0,0,0,0,0,0,0,0,0,0,0,0
CRUK0063_SU_T1-R7,0,0,0,0,0,0.236917038918852,0,0,0,0,0,0,0,0,0,0,0,0,0,0,0,0,0,0,0,0,0,0,0,0,0,0,0,0,0,0,0,0,0.114095390684983,0,0,0,0,0,0,0,0.206766279522926,0,0,0,0,0,0,0,0,0,0,0,0,0,0,0,0,0.232981424345053,0,0,0,0,0,0,0,0,0,0.209239866528186,0,0,0,0,0,0,0,0,0,0,0,0
CRUK0064_SU_T1-R1,0,0,0,0,0,0.248855484659066,0,0,0,0,0,0,0,0,0,0,0,0,0,0,0,0,0,0,0,0,0,0,0,0,0,0,0,0,0,0,0,0,0.0915094205336659,0,0,0,0,0,0,0,0.165609737710816,0,0,0,0,0,0,0,0,0.116332810825529,0,0,0,0,0,0,0,0.216269761287202,0,0,0,0,0,0,0,0,0,0.161422784983721,0,0,0,0,0,0,0,0,0,0,0,0
CRUK0064_SU_T1-R2,0,0,0,0,0,0.255134312063285,0,0,0,0,0,0,0,0,0,0,0,0,0,0,0,0,0,0,0,0,0,0,0,0,0,0,0,0,0,0,0,0,0.0882026105904015,0,0,0,0,0,0,0,0.121723806153996,0,0,0,0,0,0,0,0,0.122856011690521,0,0,0,0,0,0,0,0.227406739142725,0,0,0,0,0,0,0,0,0,0.184676520359071,0,0,0,0,0,0,0,0,0,0,0,0
CRUK0065_SU_T1-R1,0,0,0.161627080728836,0,0,0.216663707785071,0,0,0,0,0,0,0,0,0,0,0,0,0,0,0,0,0,0,0,0,0,0,0,0,0,0,0,0,0,0,0,0,0.0827105807008203,0,0,0,0,0,0,0,0.0878033681356241,0,0,0.129445755067436,0,0,0,0,0,0.133544091886718,0,0,0,0,0,0,0,0.188205415695495,0,0,0,0,0,0,0,0,0,0,0,0,0,0,0,0,0,0,0,0,0,0
CRUK0065_SU_T1-R2,0,0,0.245475442390196,0,0,0.202996753961179,0,0,0,0,0,0,0,0,0,0,0,0,0,0,0,0,0,0,0,0,0,0,0,0,0,0,0,0,0,0,0,0,0,0,0,0,0,0,0,0,0,0,0,0.150239572689127,0,0,0,0,0,0.110538319821111,0,0,0,0,0,0,0,0.165477965078396,0,0,0,0,0,0,0,0,0,0.125271946059991,0,0,0,0,0,0,0,0,0,0,0,0
CRUK0065_SU_T1-R3,0,0,0.198057633452931,0,0,0.215780555829169,0,0,0,0,0,0,0,0,0,0,0,0,0,0,0,0,0,0,0,0,0,0,0,0,0,0,0,0,0,0,0,0,0.0864870965766013,0,0,0,0,0,0,0,0.0828388296452918,0,0,0,0,0,0,0,0,0.166244289774725,0,0,0,0,0,0,0,0.152736853418045,0,0,0,0,0,0,0,0,0,0.0978547413032364,0,0,0,0,0,0,0,0,0,0,0,0
CRUK0065_SU_T1-R4,0,0,0.204897090592145,0,0,0.199752604299854,0,0,0,0,0,0,0,0,0,0,0,0,0,0,0,0,0,0,0,0,0,0,0,0,0,0,0,0,0,0,0,0,0,0,0,0,0,0,0,0,0,0,0,0.192265768047098,0,0,0,0,0,0.129818016674387,0,0,0,0,0,0,0,0.159478319826161,0,0,0,0,0,0,0,0,0,0.113788200560355,0,0,0,0,0,0,0,0,0,0,0,0
CRUK0065_SU_T1-R5,0,0,0.162201600115134,0,0,0.209523797097075,0,0,0,0,0,0,0,0,0,0,0,0,0,0,0,0,0,0,0,0,0,0,0,0,0,0,0,0,0,0,0,0,0,0.0696417706812416,0,0,0,0,0,0,0.0995059589487755,0,0,0.134310008328728,0,0,0,0,0,0.0974753511396494,0,0,0,0,0,0,0,0.13816451152683,0,0,0,0,0,0,0,0,0,0.0891770021625666,0,0,0,0,0,0,0,0,0,0,0,0
CRUK0065_SU_T1-R6,0,0,0.151467569870087,0,0,0.190421755417183,0,0,0,0,0,0,0,0,0,0,0,0,0,0,0,0,0,0,0,0,0,0,0,0,0,0,0,0,0,0,0,0,0.0721006372973565,0,0,0,0,0,0,0,0.109343326039502,0,0,0.126967564018568,0,0,0,0,0,0.100053479420212,0,0,0,0,0,0,0,0.143438109136443,0,0,0,0,0,0,0,0,0,0.106207558800649,0,0,0,0,0,0,0,0,0,0,0,0
CRUK0065_SU_T1-R7,0,0,0.0895093381802057,0,0,0.205884349424242,0,0,0,0,0,0,0,0,0,0,0,0.103818043443167,0,0,0,0,0,0,0,0,0,0,0,0,0,0,0,0,0,0,0,0,0,0,0,0,0,0,0,0,0.146050030482393,0,0,0,0,0,0,0,0,0,0,0,0,0,0,0,0,0.180416203977432,0,0,0,0,0,0,0,0,0,0.177563881175891,0,0,0,0,0,0,0.0967581533166693,0,0,0,0,0
CRUK0066_SU_T1-R1,0.0804223162229101,0,0,0,0,0.155791176252081,0,0,0,0,0,0,0,0,0,0,0,0,0,0,0,0,0,0,0,0,0,0,0,0,0,0,0,0,0,0,0,0,0,0,0,0,0,0,0,0,0.130517934915706,0,0,0,0,0,0.0921278151237399,0,0,0.161021946735933,0,0,0,0,0,0,0,0.194444539393492,0,0,0,0,0,0,0,0,0,0.185674271356139,0,0,0,0,0,0,0,0,0,0,0,0
CRUK0066_SU_T1-R2,0.0761813667854778,0,0,0,0,0.145333508850534,0,0,0,0,0,0,0,0,0,0,0,0,0,0,0,0,0,0,0,0,0,0,0,0,0,0,0,0.0731407132819748,0,0,0,0,0.0980846748126015,0.08805162567437,0,0,0,0,0,0,0.157520514025069,0,0,0,0,0,0,0,0,0.0743496657077595,0,0,0,0,0,0,0,0.168634983445047,0,0,0,0,0,0,0,0,0,0.118702947417167,0,0,0,0,0,0,0,0,0,0,0,0
CRUK0066_SU_T1-R3,0,0,0,0,0,0.226751775264872,0,0,0,0,0,0,0,0,0,0,0,0,0,0,0,0,0,0,0,0,0,0,0,0,0,0,0,0.0816486307847588,0,0,0,0,0.0771583172668055,0.0839655913792492,0,0,0,0,0,0,0.165372451126719,0,0,0,0,0,0,0,0,0.0802512134639301,0,0,0,0,0,0,0,0.175191391487515,0,0,0,0,0,0,0,0,0,0.109660629226151,0,0,0,0,0,0,0,0,0,0,0,0
CRUK0066_SU_T1-R4,0,0,0,0,0,0.216309649737098,0,0,0,0,0,0,0,0,0,0,0,0,0,0,0,0,0,0,0,0,0,0,0,0,0,0,0,0.0853129743240023,0,0,0,0,0,0.0839811121427813,0,0,0,0,0,0,0.173969022085477,0,0,0,0,0,0,0,0,0.116170618727025,0,0,0,0,0,0,0,0.190196482707183,0,0,0,0,0,0,0,0,0,0.134060140276433,0,0,0,0,0,0,0,0,0,0,0,0
CRUK0067_SU_T1-R1,0,0,0,0,0,0.203582793342274,0,0,0,0,0,0,0,0,0,0,0,0.134935260169182,0,0,0,0,0,0,0,0,0,0,0,0,0,0,0,0,0,0,0,0,0,0,0,0,0,0,0,0,0.215130041291436,0,0,0,0,0,0,0,0,0,0,0,0,0,0,0,0,0.287188409449413,0,0,0,0,0,0,0,0,0,0.159163495747695,0,0,0,0,0,0,0,0,0,0,0,0
CRUK0067_SU_T1-R3,0,0,0,0,0,0.19332814528793,0,0.0806667455877592,0,0,0,0,0,0,0,0,0,0,0,0,0,0,0,0,0,0,0,0,0,0,0,0,0,0,0,0,0,0,0,0,0,0,0,0,0,0,0.147343653477629,0,0,0,0,0,0,0,0,0,0,0,0,0,0.0996301410563162,0,0,0.206675349392442,0,0,0,0.103316024545152,0,0,0,0,0,0.169039940652772,0,0,0,0,0,0,0,0,0,0,0,0
CRUK0068_SU_T1-R1,0,0,0,0.133256634352425,0,0.130206914422332,0,0,0,0,0,0,0,0,0,0,0,0.0911938972078227,0,0,0,0,0,0,0,0,0,0,0,0,0,0,0,0,0,0,0,0,0.112992973215462,0,0,0,0,0,0,0,0.169380620123575,0,0,0,0,0,0,0,0,0.107994220744204,0,0,0,0,0,0,0,0.128298633502158,0,0,0,0,0,0,0,0,0,0.126676106432022,0,0,0,0,0,0,0,0,0,0,0,0
CRUK0068_SU_T1-R2,0,0,0,0,0,0.16075888190085,0,0,0,0,0,0,0,0,0,0,0,0,0,0,0,0,0,0,0,0,0,0,0,0,0,0,0,0,0,0,0,0,0.0921992460535756,0.0887724920513158,0,0,0,0,0.0712791500391174,0,0.0802833363094887,0,0,0,0,0,0,0,0,0.135505363014374,0,0,0,0,0,0,0,0.219024929987738,0,0,0,0,0,0,0,0,0,0.152176600643541,0,0,0,0,0,0,0,0,0,0,0,0
CRUK0068_SU_T1-R3,0,0,0.194461171868977,0,0,0.255117656993589,0,0,0,0,0,0,0,0,0,0,0,0,0,0,0,0,0,0,0,0,0,0,0,0,0,0,0,0,0,0,0,0,0,0,0,0,0,0,0,0,0.117543961994174,0,0,0,0,0,0,0,0,0,0,0,0,0,0,0,0,0.205999626841488,0,0,0,0,0,0,0,0,0,0.226877582301772,0,0,0,0,0,0,0,0,0,0,0,0
CRUK0068_SU_T1-R4,0.084395478824874,0,0,0.133667503212404,0,0.171343832776519,0,0,0,0,0,0,0,0,0,0,0,0,0,0,0,0,0,0,0,0,0,0,0,0,0,0,0,0,0,0,0,0,0.0927483464884827,0,0,0,0,0,0,0,0.135550031485484,0,0,0,0,0,0,0,0,0,0,0,0,0,0,0,0,0.240940085467419,0,0,0,0,0,0,0,0,0,0.141354721744817,0,0,0,0,0,0,0,0,0,0,0,0
CRUK0069_SU_T1-R1,0,0,0,0.166825071246368,0,0.239637663279424,0,0,0,0,0,0,0,0,0,0,0,0,0,0,0,0,0,0,0,0,0,0,0,0,0,0,0,0,0,0,0,0,0,0,0,0,0,0,0,0,0.173437929346251,0,0,0,0,0,0,0,0,0.0860409755464999,0,0,0,0,0,0,0,0.166089756843056,0,0,0,0,0,0,0,0,0,0.1679686037384,0,0,0,0,0,0,0,0,0,0,0,0
CRUK0069_SU_T1-R2,0,0,0,0.189116439225424,0,0.213096090859244,0,0,0,0,0,0,0,0,0,0,0,0,0,0,0,0,0,0,0,0,0,0,0,0,0,0,0,0,0,0,0,0,0.112610485672317,0,0,0,0,0,0.0861395372356632,0,0.173829841511355,0,0,0,0,0,0,0,0,0,0,0,0,0,0,0,0,0.131548834698195,0,0,0,0,0,0,0,0,0,0.0936587707978008,0,0,0,0,0,0,0,0,0,0,0,0
CRUK0069_SU_T1-R3,0,0,0,0,0.118407229210881,0.14095782630004,0,0,0,0,0,0,0,0,0,0,0,0.076040515719338,0,0,0,0,0,0,0,0,0,0,0,0,0,0,0,0,0,0,0,0,0.0743219314499387,0.0808066404525701,0,0,0,0,0,0,0,0,0,0,0,0,0.0921541757165861,0,0,0.0954539892499902,0,0,0,0,0,0,0,0.126940710468093,0,0,0,0,0,0,0,0,0,0.194916981432564,0,0,0,0,0,0,0,0,0,0,0,0
CRUK0069_SU_T1-R4,0,0,0,0.154196848897464,0,0.177775619309066,0,0,0,0,0,0,0,0,0,0,0,0,0,0,0,0,0,0,0,0,0,0,0,0,0,0,0,0,0,0,0,0,0.112250245918654,0,0,0,0,0,0.0630692327777136,0,0.123100157287887,0,0,0,0,0,0,0,0,0.0721213920349131,0,0,0,0,0,0,0,0.158026185623649,0,0,0,0,0,0,0,0,0,0.139460318150654,0,0,0,0,0,0,0,0,0,0,0,0
CRUK0069_SU_T1-R5,0,0,0.349786852321595,0,0,0.296383543827722,0,0,0,0,0,0,0,0,0,0,0,0,0,0,0,0,0,0,0,0,0,0,0,0,0,0,0,0,0,0,0,0,0,0,0,0,0,0,0,0,0,0,0,0,0,0,0,0,0,0.189787035377221,0,0,0,0,0,0,0,0.164042568473462,0,0,0,0,0,0,0,0,0,0,0,0,0,0,0,0,0,0,0,0,0,0
CRUK0070_SU_T1-R1,0.0699957750854562,0,0,0,0,0.162844232083729,0,0,0,0,0,0,0,0,0,0,0,0.1088400411562,0,0,0,0,0,0,0,0,0,0,0,0,0,0,0,0,0,0,0,0,0,0.0966214478382643,0,0,0,0,0,0,0.122928998908036,0,0,0,0,0,0,0,0,0.0704722980834349,0,0,0,0,0,0,0,0.186393619599513,0,0,0,0,0,0,0,0,0,0.181903587245367,0,0,0,0,0,0,0,0,0,0,0,0
CRUK0070_SU_T1-R2,0,0,0,0,0,0.183335025052979,0,0,0,0,0,0,0,0,0,0,0,0.103520125398417,0,0,0,0,0,0,0,0,0,0,0,0,0,0,0,0,0,0,0,0,0.071652760639749,0.0791429145563582,0,0,0,0,0,0,0.128876780104142,0,0,0,0,0,0,0,0,0.0742286394383052,0,0,0,0,0,0,0,0.187917952952451,0,0,0,0,0,0,0,0,0,0.171325801857598,0,0,0,0,0,0,0,0,0,0,0,0
CRUK0070_SU_T1-R4,0,0,0,0,0,0.249454038983606,0,0,0,0,0,0,0,0,0,0,0,0,0,0,0,0,0,0,0,0,0,0,0,0,0,0,0,0,0,0,0,0,0,0.13072665187704,0,0,0,0,0,0,0.195558259372742,0,0,0,0,0,0,0,0,0,0,0,0,0,0,0,0,0.255750284982148,0,0,0,0,0,0,0,0,0,0.168510764784464,0,0,0,0,0,0,0,0,0,0,0,0
CRUK0070_SU_T1-R6,0,0,0,0,0.219385274495505,0.161223109348907,0,0,0,0,0,0,0,0,0,0,0,0,0,0,0,0,0,0,0,0,0,0,0,0,0,0,0,0,0,0,0,0,0,0,0,0,0,0,0,0,0.0991666610970018,0,0,0,0,0,0,0,0,0.095292363560006,0,0,0,0,0,0,0,0.211158546515504,0,0,0,0,0,0,0,0,0,0.213774044983076,0,0,0,0,0,0,0,0,0,0,0,0
CRUK0070_SU_T1-R7,0.102845159227115,0,0,0,0,0.220492748624296,0,0,0,0,0,0,0,0,0,0,0,0,0,0,0,0,0,0,0,0,0,0,0,0,0,0,0,0,0,0,0,0,0.112289675864593,0,0,0,0,0,0,0,0.139054902627307,0,0,0,0,0,0,0,0,0.128163997951552,0,0,0,0,0,0,0,0.186677099629017,0,0,0,0,0,0,0,0,0,0.11047641607612,0,0,0,0,0,0,0,0,0,0,0,0
CRUK0071_SU_T1-R1,0.0868803669129902,0,0,0,0.237589150675353,0.157823971622162,0,0,0,0,0,0,0,0,0,0,0,0,0,0,0,0,0,0,0,0,0,0,0,0,0,0,0,0,0,0,0,0,0,0,0,0,0,0,0,0,0.0934470224250204,0,0,0,0,0,0,0,0,0.0912133350562662,0,0,0,0,0,0,0,0.203638267367854,0,0,0,0,0,0,0,0,0,0.129407885940353,0,0,0,0,0,0,0,0,0,0,0,0
CRUK0071_SU_T1-R2,0,0,0,0,0,0.245603107201104,0,0,0,0,0,0,0,0,0,0,0,0,0,0,0,0,0,0,0,0,0,0,0,0,0,0,0,0,0,0,0,0,0,0.0953495724398523,0,0,0,0,0,0,0.156225415484342,0,0,0,0,0,0,0,0,0.13198581913885,0,0,0,0,0,0,0,0.24362766787341,0,0,0,0,0,0,0,0,0,0.127208417862442,0,0,0,0,0,0,0,0,0,0,0,0
CRUK0071_SU_T1-R3,0.122324954008779,0,0,0,0.324459224005248,0.080040910524241,0,0,0,0,0,0,0,0,0,0,0,0,0,0,0,0,0,0,0,0,0,0,0,0,0,0,0,0,0,0,0,0,0.0788330877344741,0,0,0,0,0,0,0,0,0,0,0,0,0,0,0,0,0.118825203830729,0,0,0,0,0,0,0,0.181730092658393,0,0,0,0,0,0,0,0,0,0.0937865272381365,0,0,0,0,0,0,0,0,0,0,0,0
CRUK0071_SU_T1-R5,0.133095562436928,0,0,0,0,0,0,0,0,0,0,0,0,0,0,0,0,0.122451482106842,0,0,0,0,0,0,0,0,0,0,0,0,0,0,0,0,0,0,0,0,0,0.162898826329899,0,0,0,0,0,0,0.128142740230462,0,0,0,0,0,0.160630589713877,0,0,0.0944817228073957,0,0,0,0,0,0,0,0.198299076374596,0,0,0,0,0,0,0,0,0,0,0,0,0,0,0,0,0,0,0,0,0,0
CRUK0071_SU_T1-R6,0,0,0,0,0.177717292328844,0.214791296850284,0,0,0,0,0,0,0,0,0,0,0,0,0,0,0,0,0,0,0,0,0,0,0,0,0,0,0,0,0,0,0,0,0,0,0,0,0,0,0,0,0.151239463383795,0,0,0,0,0,0,0,0,0.100720949356373,0,0,0,0,0,0,0,0.229929393450472,0,0,0,0,0,0,0,0,0,0.125601604630233,0,0,0,0,0,0,0,0,0,0,0,0
CRUK0071_SU_T1-R7,0,0,0,0,0.114334207334601,0.190178219861185,0,0,0,0,0,0,0,0,0,0,0,0,0,0,0,0,0,0,0,0,0,0,0,0,0,0,0,0,0,0,0,0,0.110248454356848,0,0,0,0,0,0,0,0.145547999938332,0,0,0,0,0,0,0,0,0.111642746587166,0,0,0,0,0,0,0,0.19349756211515,0,0,0,0,0,0,0,0,0,0.134550809806718,0,0,0,0,0,0,0,0,0,0,0,0
CRUK0072_SU_T1-R1,0.090197073530757,0,0,0.120308345705959,0,0.152101705221688,0,0,0,0,0,0,0,0,0,0,0,0.159933108013053,0,0,0,0,0,0,0,0,0,0,0,0,0,0,0,0,0,0,0,0,0,0,0,0,0,0,0,0,0.176331756010621,0,0,0,0,0,0,0,0,0.120204517666261,0,0,0,0,0,0,0,0.180923493851661,0,0,0,0,0,0,0,0,0,0,0,0,0,0,0,0,0,0,0,0,0,0
CRUK0072_SU_T1-R2,0.116405104340408,0,0,0,0.228071248932883,0.118060062620668,0,0,0,0,0,0,0,0,0,0,0,0.0736144170562645,0,0,0,0,0,0,0,0,0,0,0,0,0,0,0,0,0,0,0,0,0,0,0,0,0,0,0,0,0.108519714587771,0,0,0,0,0,0,0,0,0.0896860145357121,0,0,0,0,0,0,0,0.154004162388078,0,0,0,0,0,0,0,0,0,0.111639275538216,0,0,0,0,0,0,0,0,0,0,0,0
CRUK0072_SU_T1-R3,0,0,0,0,0,0,0,0,0,0,0,0,0,0,0,0,0,0,0,0,0,0,0,0,0,0,0,0,0,0,0.0924825743509369,0,0,0,0,0,0,0,0,0,0,0,0,0,0,0,0.254151160087551,0,0,0,0,0,0,0,0,0.0874388057225735,0,0,0,0,0.102293277469228,0,0,0.147271237150208,0,0,0,0.120382759080677,0,0,0,0,0,0.195980186138826,0,0,0,0,0,0,0,0,0,0,0,0
CRUK0072_SU_T1-R4,0.104215616240293,0,0,0,0.170863325444791,0.0658561990570139,0,0,0,0,0,0,0,0,0,0,0,0,0,0,0,0,0,0,0,0,0,0,0,0,0,0,0,0,0,0,0,0,0.0753439069593125,0.0672299047962785,0,0,0,0,0,0,0.0860950686669198,0,0,0,0,0,0,0,0,0.105368242237668,0,0,0,0,0,0,0,0.189326785417819,0,0,0,0,0,0,0,0,0,0.135700951179904,0,0,0,0,0,0,0,0,0,0,0,0
CRUK0073_SU_T1-R1,0,0,0,0,0.154006448117891,0.150346907747072,0,0,0,0,0,0,0,0,0,0,0,0,0,0,0,0,0,0,0,0,0,0,0,0,0,0,0,0,0,0,0,0,0.0924217391491321,0.0769232754347798,0,0,0,0,0,0,0.105642741473525,0,0,0,0,0,0,0,0,0.105633594221865,0,0,0,0,0,0,0,0.154021830592457,0,0,0,0,0,0,0,0,0,0.161003463263278,0,0,0,0,0,0,0,0,0,0,0,0
CRUK0073_SU_T1-R2,0.0921368688308246,0,0,0,0,0.199053736176816,0,0,0,0,0,0,0,0,0,0,0,0,0,0,0,0,0,0,0,0,0,0,0,0,0,0,0,0,0,0,0,0,0,0,0,0,0,0,0,0,0.192517592330029,0,0,0,0,0,0,0,0,0.1058514426541,0,0,0,0,0,0,0,0.242148085927574,0,0,0,0,0,0,0,0,0,0.168292274080657,0,0,0,0,0,0,0,0,0,0,0,0
CRUK0074_SU_T1-R1,0,0,0,0,0.0864570620665095,0.227171039571017,0,0,0,0,0,0,0,0,0,0,0,0,0,0,0,0,0,0,0,0,0,0,0,0,0,0,0,0,0,0,0,0,0.0951010607676927,0,0,0,0,0,0,0,0.146299732561391,0,0,0,0,0,0,0,0,0.127724873280825,0,0,0,0,0,0,0,0.193114148941394,0,0,0,0,0,0,0,0,0,0.124132082811171,0,0,0,0,0,0,0,0,0,0,0,0
CRUK0074_SU_T1-R2,0,0,0,0,0,0.206474325146198,0,0,0,0,0,0,0,0,0,0,0,0,0,0,0,0,0,0,0,0,0,0,0,0,0,0,0,0,0,0,0,0,0.125173290266641,0,0,0,0,0,0,0,0.145264555907208,0,0,0,0,0,0,0,0,0.123087184634939,0,0,0,0,0,0,0,0.217447260194369,0,0,0,0,0,0,0,0,0,0.105149201033241,0,0,0,0,0,0,0.0774041828174034,0,0,0,0,0
CRUK0074_SU_T1-R3,0,0,0,0,0,0.230423708570848,0,0.089739651414249,0,0,0,0,0,0,0,0,0,0,0,0,0,0,0,0,0,0,0,0,0,0,0,0,0,0,0,0,0,0,0,0,0,0,0,0,0,0,0.162579322457513,0,0,0,0,0,0,0,0,0.161369123065462,0,0,0,0,0,0,0,0.216506096907123,0,0,0,0,0,0,0,0,0,0.139382097584804,0,0,0,0,0,0,0,0,0,0,0,0
CRUK0075_SU_T1-R1,0,0,0,0,0.0907497755380603,0.210160858565928,0,0,0,0,0,0,0,0,0,0,0,0,0,0,0,0,0,0,0,0,0,0,0,0,0,0,0,0,0,0,0,0,0.0953622222694268,0,0,0,0,0,0,0,0.152972283115361,0,0,0,0,0,0,0,0,0.0858479349627305,0,0,0,0,0,0,0,0.215278572559407,0,0,0,0,0,0,0,0,0,0.149628352989087,0,0,0,0,0,0,0,0,0,0,0,0
CRUK0075_SU_T1-R2,0,0,0,0,0,0.219390506182884,0,0,0,0,0,0,0,0,0,0,0,0,0,0,0,0,0,0,0,0,0,0,0,0,0,0,0,0,0,0,0,0,0.0993957294783906,0,0,0,0,0,0,0,0.16180382613774,0,0,0,0,0,0,0,0,0.111561098645486,0,0,0,0,0,0,0,0.247237453027603,0,0,0,0,0,0,0,0,0,0.160611386527897,0,0,0,0,0,0,0,0,0,0,0,0
CRUK0076_SU_T1-R1,0.149517573551924,0,0,0,0.280576421513551,0,0,0,0,0,0,0,0,0,0,0,0,0,0,0,0,0,0,0,0,0,0,0,0,0,0,0,0,0,0,0,0,0,0,0.0801560042854731,0,0,0,0,0,0,0.113345121472221,0,0,0,0,0,0,0,0,0.156816499873241,0,0,0,0,0,0,0,0.142788947473348,0,0,0,0,0,0,0,0,0,0.0767994318302416,0,0,0,0,0,0,0,0,0,0,0,0
CRUK0076_SU_T1-R2,0,0,0,0.0878844055760353,0,0.225632076639287,0,0,0,0,0,0,0,0,0,0,0,0,0,0,0,0,0,0,0,0,0,0,0,0,0,0,0,0,0,0,0,0,0.146762368207652,0,0,0,0,0,0,0,0.174716972870433,0,0,0,0,0,0,0,0,0,0,0,0,0,0,0,0,0.192789830592541,0,0,0,0,0,0,0,0,0,0.172214346114051,0,0,0,0,0,0,0,0,0,0,0,0
CRUK0076_SU_T1-R3,0,0,0,0.0917432603468996,0,0.195833566884449,0,0,0,0,0,0,0,0,0,0,0,0,0,0,0,0,0,0,0,0,0,0,0,0,0,0,0,0,0,0,0,0,0.103165008401897,0,0,0,0,0,0,0,0.174639039054099,0,0,0,0,0,0,0,0,0.0818850345923895,0,0,0,0,0,0,0,0.185038802139633,0,0,0,0,0,0,0,0,0,0.167695288580633,0,0,0,0,0,0,0,0,0,0,0,0
CRUK0076_SU_T1-R4,0,0,0,0,0,0.200233779155063,0,0,0,0,0,0,0,0,0,0,0,0,0,0,0,0,0,0,0,0,0,0,0,0,0,0,0,0,0,0,0,0,0.154335914153445,0,0,0,0,0,0,0,0.18987575847199,0,0,0,0,0,0,0,0,0.0921394281050995,0,0,0,0,0,0,0,0.200800466466901,0,0,0,0,0,0,0,0,0,0.162614653647503,0,0,0,0,0,0,0,0,0,0,0,0
CRUK0077_SU_T1-R1,0,0,0,0.107775329097977,0,0.190798993903314,0,0,0,0,0,0,0,0,0,0,0,0,0,0,0,0,0,0,0,0,0,0,0,0,0,0,0,0,0,0,0,0,0.116323836942137,0,0,0,0,0,0,0,0.121033191379193,0,0,0,0,0,0,0,0,0.125539627736358,0,0,0,0,0,0,0,0.177332736867873,0,0,0,0,0,0,0,0,0,0.161196284073149,0,0,0,0,0,0,0,0,0,0,0,0
CRUK0077_SU_T1-R2,0.16137694219023,0,0,0,0.339117033651061,0,0,0,0,0,0,0,0,0,0,0,0,0,0,0,0,0,0,0,0,0,0,0,0,0,0,0,0,0,0,0,0,0,0,0.101899868265796,0,0,0,0,0,0,0,0,0,0,0,0,0,0,0,0.0936596453652369,0,0,0,0,0,0,0,0.206246274027826,0,0,0,0,0,0,0,0,0,0.09770023649985,0,0,0,0,0,0,0,0,0,0,0,0
CRUK0077_SU_T1-R3,0.0834287958062873,0,0,0,0.214638907779944,0.124353427147954,0,0,0,0,0,0,0,0,0,0,0,0,0,0,0,0,0,0,0,0,0,0,0,0,0,0,0,0,0,0,0,0,0,0.0757268466170986,0,0,0,0,0,0,0.0866219744359336,0,0,0,0,0,0,0,0,0.100101315807393,0,0,0,0,0,0,0,0.186714244206269,0,0,0,0,0,0,0,0,0,0.12841448819912,0,0,0,0,0,0,0,0,0,0,0,0
CRUK0078_SU_T1-R2,0.0818000891983599,0,0,0,0,0.129126222960327,0,0,0,0,0,0,0,0,0,0,0,0,0,0,0,0,0,0,0,0,0,0,0,0,0,0,0,0,0,0,0,0,0.0834603123365405,0.079528522900562,0,0,0,0,0,0,0.150607665782546,0,0,0,0,0,0.0715608434250055,0,0,0.121820076352234,0,0,0,0,0,0,0,0.164255673272534,0,0,0,0,0,0,0,0,0,0.117840593771891,0,0,0,0,0,0,0,0,0,0,0,0
CRUK0078_SU_T1-R3,0.0801445826609068,0,0,0,0,0.101812452512398,0,0,0,0,0,0,0,0,0,0,0,0.0691733001290654,0,0,0,0,0,0,0,0,0,0,0,0,0,0,0,0,0,0,0,0,0,0.0898847256515664,0,0,0,0,0,0,0.0921610048470054,0,0,0,0,0,0.113432732811728,0,0,0.138265589921037,0,0,0,0,0,0,0,0.171000639270791,0,0,0,0,0,0,0,0,0,0.144124972195501,0,0,0,0,0,0,0,0,0,0,0,0
CRUK0078_SU_T1-R4,0,0,0,0,0,0.191269938081506,0,0,0,0,0,0,0,0,0,0,0,0,0,0,0,0,0,0,0,0,0,0,0,0,0,0,0,0,0,0,0,0,0.0944251525657825,0.0736042592030645,0,0,0,0,0,0,0.180340364987858,0,0,0,0,0,0,0,0,0.129600181211936,0,0,0,0,0,0,0,0.206873861910863,0,0,0,0,0,0,0,0,0,0.123886242038991,0,0,0,0,0,0,0,0,0,0,0,0
CRUK0079_SU_T1-R1,0,0,0,0,0.114287310299165,0.193260686784428,0,0,0,0,0,0,0,0,0,0,0,0,0,0,0,0,0,0,0,0,0,0,0,0,0,0,0,0,0,0,0,0,0,0.103372836348055,0,0,0,0,0,0,0.119437718442239,0,0,0,0,0,0,0,0,0.0984647878594471,0,0,0,0,0,0,0,0.204830105647041,0,0,0,0,0,0,0,0,0,0.166346554619626,0,0,0,0,0,0,0,0,0,0,0,0
CRUK0079_SU_T1-R2,0,0,0,0,0,0.181268889228201,0,0,0,0,0,0,0,0,0,0,0,0,0,0,0,0,0,0,0,0,0,0,0,0,0,0,0,0,0,0,0,0,0.107769474645794,0.0927558339371081,0,0,0,0,0,0,0.169282909410284,0,0,0,0,0,0,0,0,0.107569204532693,0,0,0,0,0,0,0,0.209733026597619,0,0,0,0,0,0,0,0,0,0.131620661648302,0,0,0,0,0,0,0,0,0,0,0,0
CRUK0079_SU_T1-R3,0,0,0,0,0,0.178765265104431,0,0,0,0,0,0,0,0,0,0,0,0.0831556778902508,0,0,0,0,0,0,0,0,0,0,0,0,0,0,0,0,0,0,0,0,0.105780581874671,0.12052600855065,0,0,0,0,0,0,0.178336874173667,0,0,0,0,0,0,0,0,0,0,0,0,0,0,0,0,0.211705917287789,0,0,0,0,0,0,0,0,0,0.121729675118541,0,0,0,0,0,0,0,0,0,0,0,0
CRUK0079_SU_T1-R4,0,0,0,0,0,0.191505111059469,0,0,0,0,0,0,0,0,0,0,0,0,0,0,0,0,0,0,0,0,0,0,0,0,0,0,0,0,0,0,0,0,0.0928644942917767,0.0818740863355576,0,0,0,0,0,0,0.146100704904479,0,0,0,0,0,0,0,0,0.130115788449799,0,0,0,0,0,0,0,0.216101327757829,0,0,0,0,0,0,0,0,0,0.14143848720109,0,0,0,0,0,0,0,0,0,0,0,0
CRUK0080_SU_T1-R2,0,0,0.120910699087097,0,0,0.232332650240376,0,0,0,0,0,0,0,0,0,0,0,0,0,0,0,0,0,0,0,0,0,0,0,0,0,0,0,0,0,0,0,0,0,0,0,0,0,0,0,0,0.0860027136734541,0,0,0,0,0,0,0,0,0.0847829643368779,0,0,0,0,0,0,0,0.194495556228083,0,0,0,0,0,0,0,0,0,0.133918033323939,0,0,0,0,0,0,0,0.147557383110173,0,0,0,0
CRUK0080_SU_T1-R3,0,0,0,0,0,0.198572535886076,0,0,0,0,0,0,0,0,0,0,0,0,0,0,0,0,0,0,0,0,0,0,0,0,0,0,0,0,0,0,0,0,0.0926764175248799,0.0974846691873721,0,0,0,0,0,0,0.151161174503798,0,0,0,0,0,0,0,0,0.104304959418635,0,0,0,0,0,0,0,0.181532876388853,0,0,0,0,0,0,0,0,0,0.174267367090387,0,0,0,0,0,0,0,0,0,0,0,0
CRUK0080_SU_T1-R4,0,0,0,0,0.196818627646328,0.177626380326974,0,0,0,0,0,0,0,0,0,0,0,0,0,0,0,0,0,0,0,0,0,0,0,0,0,0,0,0,0,0,0,0,0.0742495687692683,0,0,0,0,0,0,0,0.121558581411168,0,0,0,0,0,0,0,0,0.137432850033896,0,0,0,0,0,0,0,0.180871419280042,0,0,0,0,0,0,0,0,0,0.111442572532324,0,0,0,0,0,0,0,0,0,0,0,0
CRUK0080_SU_T1-R5,0,0,0,0,0,0.280017932006613,0,0,0,0,0,0,0,0,0,0,0.0866620479366452,0,0,0,0,0,0,0,0,0,0,0,0,0,0,0,0,0,0,0,0,0,0,0,0,0,0,0,0,0,0.15302282695366,0,0,0,0,0,0,0,0,0.103396155974439,0,0,0,0,0,0,0,0.213755045670627,0,0,0,0,0,0,0,0,0,0.163145991458015,0,0,0,0,0,0,0,0,0,0,0,0
CRUK0080_SU_T1-R6,0,0,0,0,0,0.240473750478827,0,0,0,0,0,0,0,0,0,0,0,0,0,0,0,0,0,0,0,0,0,0,0,0,0,0,0,0.0725648702420372,0,0,0,0,0.0972989660232605,0,0,0,0,0,0,0,0.140102415672592,0,0,0,0,0,0,0,0,0.0953319362891043,0,0,0,0,0,0,0,0.202976948729241,0,0,0,0,0,0,0,0,0,0.151251112564939,0,0,0,0,0,0,0,0,0,0,0,0
CRUK0081_SU_T1-R1,0,0,0.155525801935924,0,0,0.221692017955541,0,0,0,0,0,0,0,0,0,0,0,0,0,0,0,0,0,0,0,0,0,0,0,0,0,0,0,0,0,0,0,0,0.0901760025959726,0,0,0,0,0,0,0,0.127897018382987,0,0,0,0,0,0,0,0,0.11617220459563,0,0,0,0,0,0,0,0.179620509428316,0,0,0,0,0,0,0,0,0,0.108916445105629,0,0,0,0,0,0,0,0,0,0,0,0
CRUK0081_SU_T1-R5,0,0,0.371825744531947,0,0,0.130826005915698,0,0,0,0,0,0,0,0,0,0,0,0,0,0,0,0,0,0,0,0,0,0,0,0,0,0,0,0,0,0,0,0,0.103873924024471,0,0,0,0,0,0,0,0,0,0,0,0,0,0,0,0,0.199051260899409,0,0,0,0,0,0,0,0.194423064628475,0,0,0,0,0,0,0,0,0,0,0,0,0,0,0,0,0,0,0,0,0,0
CRUK0081_SU_T1-R6,0,0,0,0,0,0.234132289867555,0,0,0,0,0,0,0,0,0,0,0,0,0,0,0,0,0,0,0,0,0,0,0,0,0,0,0,0.113660646758743,0,0,0,0,0.0818317984879023,0.0821659789184365,0,0,0,0,0,0,0.127009184936917,0,0,0,0,0,0,0,0,0,0,0,0,0,0,0,0,0.199556423070772,0,0,0,0,0,0,0,0,0,0.161643677959674,0,0,0,0,0,0,0,0,0,0,0,0
CRUK0082_SU_T1-R1,0.0755310240778506,0,0,0,0,0.155282974424352,0,0,0,0,0,0,0,0,0,0,0,0,0,0,0,0,0,0,0,0,0,0,0,0,0,0,0,0.111700295049543,0,0,0,0,0.0859958226007789,0.0734166375974969,0,0,0,0,0,0,0.17183293495213,0,0,0,0,0,0,0,0,0.0796526496125507,0,0,0,0,0,0,0,0.151074199676243,0,0,0,0,0,0,0,0,0,0.0955134620090543,0,0,0,0,0,0,0,0,0,0,0,0
CRUK0082_SU_T1-R2,0.187158163214944,0,0,0,0.203716017512334,0,0,0,0,0,0,0,0,0,0,0,0,0,0,0,0,0,0,0,0,0,0,0,0,0,0,0,0,0,0,0,0,0,0,0.0913628908562531,0,0,0,0,0,0,0,0,0,0,0,0,0,0,0,0.115579369620464,0,0,0,0,0,0,0,0.201213369699688,0,0,0,0,0,0,0,0,0,0.117322402656231,0,0,0,0,0,0,0,0,0.0836477864400855,0,0,0
CRUK0082_SU_T1-R3,0.205483488599004,0,0,0,0,0,0,0,0,0,0,0,0,0,0,0,0,0,0,0,0.0935445769755041,0,0,0,0,0.121540894255694,0,0,0,0,0,0,0,0,0,0,0,0,0,0,0,0,0,0,0,0,0,0,0,0,0,0,0,0,0,0.147891023002482,0,0,0,0,0,0,0,0.289462937637884,0,0,0,0,0,0,0,0,0,0,0,0,0,0,0,0,0,0,0,0,0.142077079529433,0
CRUK0082_SU_T1-R4,0.0849891141536402,0,0,0,0,0.139897081632073,0,0,0,0,0,0,0,0,0,0,0,0,0,0,0,0,0,0,0,0,0,0,0,0,0,0.10573211656455,0,0,0,0,0,0,0,0,0,0,0,0,0,0,0.206492732348449,0,0,0,0,0,0,0,0,0.150030964417635,0,0,0,0,0,0,0,0.165870156133731,0,0,0,0,0,0,0,0,0,0.146987834749923,0,0,0,0,0,0,0,0,0,0,0,0
CRUK0082_SU_T1-R5,0.104947667575017,0,0.29333832511674,0,0,0.113317859386792,0,0,0,0,0,0,0,0,0,0,0,0,0,0,0,0,0,0,0,0,0,0,0,0,0,0,0,0,0,0,0,0,0,0,0,0,0,0,0,0,0,0,0,0,0,0,0,0,0,0.173251578087065,0,0,0,0,0,0,0,0.165134336605651,0,0,0,0,0,0,0,0,0,0,0,0,0,0,0,0,0,0,0,0,0.150010233228736,0
CRUK0083_SU_T1-R1,0,0,0.151621389538651,0,0,0.166837031451348,0,0,0,0,0,0,0,0,0,0,0,0,0,0,0,0,0,0,0,0,0,0,0,0,0,0,0,0.0774097960516839,0,0,0,0,0.0762202451989957,0,0,0,0,0,0,0,0.0846406562841731,0,0,0,0,0,0,0,0,0.108634780429182,0,0,0,0,0,0,0,0.174985202229205,0,0,0,0,0,0,0,0,0,0.159650898816761,0,0,0,0,0,0,0,0,0,0,0,0
CRUK0083_SU_T1-R2,0,0,0.174749758969579,0,0,0.211514922576369,0,0,0,0,0,0,0,0,0,0,0,0,0,0,0,0,0,0,0,0,0,0,0,0,0,0,0,0,0,0,0,0,0,0,0,0,0,0,0,0,0,0,0,0,0,0,0,0,0,0.138443310283153,0,0,0,0,0,0,0,0.246868169471434,0,0,0,0,0,0,0,0,0,0.228423838699465,0,0,0,0,0,0,0,0,0,0,0,0
CRUK0083_SU_T1-R3,0,0,0,0.0863152639003829,0,0.150229389788438,0,0,0,0,0,0,0,0,0,0,0,0,0,0,0,0,0,0,0,0,0,0,0,0,0,0,0,0,0,0,0,0,0.149595696662927,0,0,0,0,0,0,0,0.204855343158038,0,0,0,0,0,0,0,0,0.100545537261766,0,0,0,0,0,0,0,0.190893383595091,0,0,0,0,0,0,0,0,0,0.117565385633359,0,0,0,0,0,0,0,0,0,0,0,0
CRUK0083_SU_T1-R4,0.0806347629849959,0,0,0,0.139803539870654,0.0919059345992568,0,0,0,0,0,0,0,0,0,0,0,0,0,0,0,0,0,0,0,0,0,0,0,0,0,0,0,0,0,0,0,0,0,0.0702195908334337,0,0,0,0,0,0,0.0972695596767481,0,0,0,0,0,0.081897868040889,0,0,0.120097239076189,0,0,0,0,0,0,0,0.17063382251393,0,0,0,0,0,0,0,0,0,0.147537682403904,0,0,0,0,0,0,0,0,0,0,0,0
CRUK0084_SU_T1-R1,0.0962421310741621,0,0,0,0.132336462420808,0.171325807471135,0,0,0,0,0,0,0,0,0,0,0,0,0,0,0,0,0,0,0,0,0,0,0,0,0,0,0,0,0,0,0,0,0.0785952576242947,0,0,0,0,0,0,0,0.098630106460931,0,0,0,0,0,0,0,0,0.0949937467884673,0,0,0,0,0,0,0,0.191149725667732,0,0,0,0,0,0,0,0,0,0.13672676249247,0,0,0,0,0,0,0,0,0,0,0,0
CRUK0084_SU_T1-R2,0,0,0,0,0,0.227850365005787,0,0.0785849388490734,0,0,0,0,0,0,0,0,0,0,0,0,0,0,0,0,0,0,0,0,0,0,0,0,0,0,0,0,0,0,0.0848991458223217,0,0,0,0,0,0,0,0.14754822093378,0,0,0,0,0,0,0,0,0.122952026228969,0,0,0,0,0,0,0,0.176631455261465,0,0,0,0,0,0,0,0,0,0.161533847898605,0,0,0,0,0,0,0,0,0,0,0,0
CRUK0084_SU_T1-R3,0.0749663903814596,0,0,0,0.198512891631723,0.139967233810548,0,0,0,0,0,0,0,0,0,0,0,0,0,0,0,0,0,0,0,0,0,0,0,0,0,0,0,0,0,0,0,0,0.0686601164021454,0.0813914895889342,0,0,0,0,0,0,0,0,0,0,0,0,0,0,0,0.0906170826066041,0,0,0,0,0,0,0,0.18954888209773,0,0,0,0,0,0,0,0,0,0.156335913480857,0,0,0,0,0,0,0,0,0,0,0,0
CRUK0084_SU_T1-R4,0.069189307654876,0,0,0,0.133837647885853,0.138664874559503,0,0,0,0,0,0,0,0,0,0,0,0,0,0,0,0,0,0,0,0,0,0,0,0,0,0,0,0,0,0,0,0,0.0754698666510456,0.0616905983711173,0,0,0,0,0,0,0.113727414546471,0,0,0,0,0,0,0,0,0.091173332534566,0,0,0,0,0,0,0,0.168689211612968,0,0,0,0,0,0,0,0,0,0.147557746183601,0,0,0,0,0,0,0,0,0,0,0,0
CRUK0085_SU_T1-R1,0,0,0,0,0,0.184351013827932,0,0,0,0,0,0,0,0,0,0,0,0,0,0,0,0,0,0,0,0,0,0,0,0,0,0,0,0.0821231699056101,0,0,0,0,0.127057172494565,0,0,0,0,0,0,0,0.142994351596214,0,0,0,0,0,0,0,0,0.0831678647369338,0,0,0,0,0,0,0,0.163652446070438,0,0,0,0,0,0,0,0,0,0.116826460832328,0,0,0,0,0,0,0.0998275205359803,0,0,0,0,0
CRUK0085_SU_T1-R2,0,0,0,0.127372651798907,0,0.162436495432627,0,0,0,0,0,0,0,0,0,0,0,0,0.121249005710373,0,0,0,0,0,0,0,0,0,0,0,0,0,0,0,0,0,0,0,0,0,0,0,0,0,0,0,0.199610828075493,0,0,0,0,0,0,0,0,0.14446811163666,0,0,0,0,0,0,0,0.136012876186686,0,0,0,0,0,0,0,0,0,0.108850031159254,0,0,0,0,0,0,0,0,0,0,0,0
CRUK0085_SU_T1-R3,0,0,0,0.106077028307252,0,0.222292369988404,0,0.0944402399944935,0,0,0,0,0,0,0,0,0,0,0,0,0,0,0,0,0,0,0,0,0,0,0,0,0,0,0,0,0,0,0,0,0,0,0,0,0,0,0.201097921264813,0,0,0,0,0,0,0,0,0,0,0,0,0,0,0,0,0.214056053388064,0,0,0,0,0,0,0,0,0,0.162036387056973,0,0,0,0,0,0,0,0,0,0,0,0
CRUK0085_SU_T1-R4,0,0,0,0.0809189189957883,0,0.186746325925642,0,0,0,0,0,0,0,0,0,0,0,0,0,0,0,0,0,0,0,0,0,0,0,0,0,0,0,0,0,0,0,0,0.0829786281924032,0,0,0,0,0,0,0,0.177569347978777,0,0,0,0,0,0,0,0,0.0988516604531265,0,0,0,0,0,0,0,0.176868811045449,0,0,0,0,0,0,0,0,0,0.115343659630518,0,0,0,0,0,0,0.0807226477782951,0,0,0,0,0
CRUK0086_SU_T1-R1,0,0,0,0,0,0.253345828068456,0,0,0,0,0,0,0,0,0,0,0,0,0,0,0,0,0,0,0,0,0,0,0,0,0,0,0,0.0896271645044592,0,0,0,0,0.0834003532442543,0,0,0,0,0,0,0,0.157755189592938,0,0,0,0,0,0,0,0,0.106750626905074,0,0,0,0,0,0,0,0.212101214153304,0,0,0,0,0,0,0,0,0,0.0970196235315152,0,0,0,0,0,0,0,0,0,0,0,0
CRUK0086_SU_T1-R2,0,0,0,0,0,0.210008859436163,0,0,0,0,0,0,0,0,0,0,0,0,0,0,0,0,0,0,0,0,0,0,0,0,0,0,0,0,0,0,0,0,0.111121030899533,0.0800898635607051,0,0,0,0,0,0,0.136035330667955,0,0,0,0,0,0,0,0,0.103402551431904,0,0,0,0,0,0,0,0.227931170211239,0,0,0,0,0,0,0,0,0,0.131411193792501,0,0,0,0,0,0,0,0,0,0,0,0
CRUK0086_SU_T1-R4,0,0,0,0,0,0.288697991080497,0,0,0,0,0,0,0,0,0,0,0,0,0,0,0,0,0,0,0,0,0,0,0,0,0,0,0,0.120328314079221,0,0,0,0,0,0,0,0,0,0,0,0,0.164859079694577,0,0,0,0,0,0,0,0,0,0,0,0,0,0,0,0,0.267519129337262,0,0,0,0,0,0,0,0,0,0.158595485808442,0,0,0,0,0,0,0,0,0,0,0,0
CRUK0087_SU_T1-R1,0,0,0,0,0,0.242715407262094,0,0,0,0,0,0,0,0,0,0,0,0,0,0,0,0,0,0,0,0,0,0,0,0,0,0,0,0,0,0,0,0,0.134678632485967,0,0,0,0,0,0,0,0.178448559438581,0,0,0,0,0,0,0,0,0,0,0,0,0,0,0,0,0.242001590676461,0,0,0,0,0,0,0,0,0,0.202155810136898,0,0,0,0,0,0,0,0,0,0,0,0
CRUK0087_SU_T1-R2,0,0,0,0,0,0.251243062292327,0,0,0,0,0,0,0,0,0,0,0,0,0,0,0,0,0,0,0,0,0,0,0,0,0,0,0,0,0,0,0,0,0.109705351248982,0,0,0,0,0,0,0,0.167294607108386,0,0,0,0,0,0,0,0,0.123543809993644,0,0,0,0,0,0,0,0.242086920733708,0,0,0,0,0,0,0,0,0,0.106126248622952,0,0,0,0,0,0,0,0,0,0,0,0
CRUK0087_SU_T1-R3,0,0,0,0,0,0.235658039518124,0,0,0,0,0,0,0,0,0,0,0,0,0,0,0,0,0,0,0,0,0,0,0,0,0,0,0,0,0,0,0,0,0.117468135784598,0,0,0,0,0,0,0,0.166435107078636,0,0,0,0,0,0,0,0,0.137961985060221,0,0,0,0,0,0,0,0.240747004577171,0,0,0,0,0,0,0,0,0,0.101729727981249,0,0,0,0,0,0,0,0,0,0,0,0
CRUK0088_SU_T1-R1,0,0,0,0,0,0.206819741068147,0,0,0,0,0,0,0,0,0,0,0,0,0,0,0,0,0,0,0,0,0,0,0,0,0,0,0,0,0,0,0,0,0.125704436348763,0,0,0,0,0,0,0,0.160285054153725,0,0,0,0,0,0,0,0,0.0981810442479638,0,0,0,0,0,0,0,0.24487097703433,0,0,0,0,0,0,0,0,0,0.164138747147071,0,0,0,0,0,0,0,0,0,0,0,0
CRUK0088_SU_T1-R2,0,0,0,0,0,0.208842753901722,0,0,0,0,0,0,0,0,0,0,0,0,0,0,0,0,0,0,0,0,0,0,0,0,0,0,0,0.106450372878846,0,0,0,0,0.0873860981847389,0,0,0,0,0,0,0,0.183774477210035,0,0,0,0,0,0,0,0,0.120426323224085,0,0,0,0,0,0,0,0.18496095903389,0,0,0,0,0,0,0,0,0,0.108159015566683,0,0,0,0,0,0,0,0,0,0,0,0
CRUK0089_SU_T1-R1,0,0,0,0,0,0.226974999418414,0,0,0,0,0,0,0,0,0,0,0,0.0826229314576457,0,0,0,0,0,0,0,0,0,0,0,0,0,0,0,0,0,0,0,0,0,0.10432406224306,0,0,0,0,0,0,0.0841073644890249,0,0,0,0,0,0,0,0,0.0864478099349741,0,0,0,0,0,0,0,0.220882283304422,0,0,0,0,0,0,0,0,0,0.19464054915246,0,0,0,0,0,0,0,0,0,0,0,0
CRUK0089_SU_T1-R2,0,0,0,0.236827639484122,0,0.130086790897352,0,0,0,0,0,0,0,0,0,0,0,0,0,0,0,0,0,0,0,0,0,0,0,0,0,0,0,0,0,0,0.115845154078691,0,0,0,0,0,0,0,0,0,0.126001072452436,0,0,0,0,0,0,0,0,0.0823568307309237,0,0,0,0,0,0,0,0.171128040967398,0,0,0,0,0,0,0,0,0,0.137754471389076,0,0,0,0,0,0,0,0,0,0,0,0
CRUK0090_SU_T1-R1,0.141750149558963,0,0,0,0.480232567969288,0,0,0,0,0,0,0,0,0,0,0,0,0,0,0,0,0,0,0,0,0,0,0,0,0,0,0,0,0,0,0,0,0,0,0,0,0,0,0,0,0,0,0,0,0,0,0,0,0,0,0.087074246559611,0,0,0,0,0,0,0,0.170336524598636,0,0,0,0,0,0,0,0,0,0.120606511313502,0,0,0,0,0,0,0,0,0,0,0,0
CRUK0090_SU_T1-R2,0,0,0,0,0.119664931762911,0.106605084093898,0,0,0,0,0,0,0,0,0,0,0,0,0,0,0,0,0,0,0,0,0,0,0,0,0,0.0988382186967106,0,0,0,0,0.111268804397714,0,0,0,0,0,0,0,0,0,0.142553400415909,0,0,0,0,0,0,0,0,0.0839908063955593,0,0,0,0,0,0,0,0.135729045585723,0,0,0,0,0,0,0,0,0,0.103787300538164,0,0,0,0,0,0,0.0975624081134117,0,0,0,0,0
CRUK0091_SU_T1-R1,0.0667575296162624,0,0,0,0.119786132147739,0.155200416437539,0,0,0,0,0,0,0,0,0,0,0,0,0,0,0,0,0,0,0,0,0,0,0,0,0,0,0,0,0,0,0,0,0.0820064110612355,0.0708580872550666,0,0,0,0,0,0,0.0895097796644954,0,0,0,0,0,0,0,0,0.0956180520626859,0,0,0,0,0,0,0,0.174586054279312,0,0,0,0,0,0,0,0,0,0.145677537475665,0,0,0,0,0,0,0,0,0,0,0,0
CRUK0091_SU_T1-R2,0,0,0.276993918205984,0,0,0.227620490726283,0,0,0,0,0,0,0,0,0,0,0,0,0,0,0,0,0,0,0,0,0,0,0,0,0,0,0,0,0,0,0,0,0.0780793262087371,0,0,0,0,0,0,0,0,0,0,0,0,0,0,0,0,0.118880969373251,0,0,0,0,0,0,0,0.223780168324549,0,0,0,0,0,0,0,0,0,0.0746451271611963,0,0,0,0,0,0,0,0,0,0,0,0
CRUK0092_SU_T1-R1,0,0,0.377808372509501,0,0,0.15700009057156,0,0,0,0,0,0,0,0,0,0,0,0,0,0,0,0,0,0,0,0,0,0,0,0,0,0,0.0823043971540383,0,0,0,0,0,0,0,0,0,0,0,0,0,0,0,0,0,0,0,0,0,0,0.127211687965545,0,0,0,0,0,0,0,0.148084662519045,0,0,0,0,0,0,0,0,0,0.107590789280311,0,0,0,0,0,0,0,0,0,0,0,0
CRUK0092_SU_T1-R2,0,0,0.327005818081265,0,0,0.226647560797416,0,0,0,0,0,0,0,0,0,0,0,0,0,0,0,0,0,0,0,0,0,0,0,0,0,0,0,0,0,0,0,0,0,0,0,0,0,0,0,0,0,0,0,0.0867153410247081,0,0,0,0,0,0.188326797198239,0,0,0,0,0,0,0,0.171304482898371,0,0,0,0,0,0,0,0,0,0,0,0,0,0,0,0,0,0,0,0,0,0
CRUK0093_SU_T1-R1,0,0,0,0,0,0.180584911022439,0,0,0,0,0,0,0,0,0,0,0,0,0,0,0,0,0,0,0,0,0,0,0,0,0,0,0,0.0664858417543057,0,0,0,0,0.128244233825652,0.0771125033191489,0,0,0,0,0,0,0.132702030842097,0,0,0,0,0,0,0,0,0.0904959629772207,0,0,0,0,0,0,0,0.185914104683834,0,0,0,0,0,0,0,0,0,0.138460411575303,0,0,0,0,0,0,0,0,0,0,0,0
CRUK0093_SU_T1-R2,0,0,0,0.112216044036421,0.156075560850288,0.2213464160407,0,0,0,0,0,0,0,0,0,0,0,0,0,0,0,0,0,0,0,0,0,0,0,0,0,0.0858169344547095,0,0,0,0,0,0,0,0,0,0,0,0,0,0,0,0,0,0,0,0,0,0,0,0.0899629616839205,0,0,0,0,0,0,0,0.209015283554833,0,0,0,0,0,0,0,0,0,0.125566799379128,0,0,0,0,0,0,0,0,0,0,0,0
CRUK0094_SU_T1-R1,0,0,0.080888946073812,0,0,0.225905375743291,0,0,0,0,0,0,0,0,0,0,0,0,0,0,0,0,0,0,0,0,0,0,0,0,0,0,0,0,0,0,0,0,0.0836914623062939,0,0,0,0,0,0,0,0.141042541977776,0,0,0,0,0,0,0,0,0.100976748483849,0,0,0,0,0,0,0,0.246850522494121,0,0,0,0,0,0,0,0,0,0.120644402920857,0,0,0,0,0,0,0,0,0,0,0,0
CRUK0094_SU_T1-R2,0,0,0,0,0,0.268020353770222,0,0,0,0,0,0,0,0,0,0,0,0,0,0,0,0,0,0,0,0,0,0,0,0,0,0,0,0,0,0,0,0,0.0822590120745225,0,0,0,0,0,0,0,0.161464426835066,0,0,0,0,0,0,0,0,0.16232160927498,0,0,0,0,0,0,0,0.219606717135855,0,0,0,0,0,0,0,0,0,0.106327880909354,0,0,0,0,0,0,0,0,0,0,0,0
CRUK0094_SU_T1-R3,0,0,0,0,0,0.226651745929663,0,0.0777381746577653,0,0,0,0,0,0,0,0,0,0,0,0,0,0,0,0,0,0,0,0,0,0,0,0,0,0,0,0,0,0,0,0,0,0,0,0,0,0,0.170555707696411,0,0,0,0,0,0,0,0,0.119756970585695,0,0,0,0,0,0,0,0.258458691479648,0,0,0,0,0,0,0,0,0,0.146838709650817,0,0,0,0,0,0,0,0,0,0,0,0
CRUK0094_SU_T1-R4,0,0,0,0,0,0.255915691348965,0,0.0866874780475745,0,0,0,0,0,0,0,0,0,0,0,0,0,0,0,0,0,0,0,0,0,0,0,0,0,0,0,0,0,0,0.0869989477649922,0,0,0,0,0,0,0,0.122724566377689,0,0,0,0,0,0,0,0,0.11100432246726,0,0,0,0,0,0,0,0.232851969007175,0,0,0,0,0,0,0,0,0,0.103817024986344,0,0,0,0,0,0,0,0,0,0,0,0
CRUK0095_SU_T1-R1,0,0,0,0,0,0.211255697624003,0,0,0,0,0,0,0,0,0,0,0,0,0,0,0,0,0,0,0,0,0,0,0,0,0,0,0,0,0,0,0,0,0.109429500117524,0,0,0,0,0,0,0,0.144742847151816,0,0,0,0,0,0,0,0,0.10704034168863,0,0,0,0,0,0,0,0.265530204434234,0,0,0,0,0,0,0,0,0,0.162001408983793,0,0,0,0,0,0,0,0,0,0,0,0
CRUK0095_SU_T1-R2,0,0,0,0,0,0.190059488500424,0,0,0,0,0,0,0,0,0,0,0,0,0,0,0,0,0,0,0,0,0,0,0,0,0,0,0,0.0831618388784935,0,0,0,0,0.0791792230560683,0.080815341433987,0,0,0,0,0,0,0.154002882380791,0,0,0,0,0,0,0,0,0.0977740592711412,0,0,0,0,0,0,0,0.16871786492512,0,0,0,0,0,0,0,0,0,0.146289301553975,0,0,0,0,0,0,0,0,0,0,0,0
CRUK0095_SU_T1-R3,0,0,0,0,0,0.239828297872589,0,0,0,0,0,0,0,0,0,0,0,0,0,0,0,0,0,0,0,0,0,0,0,0,0,0,0,0,0,0,0,0,0,0,0,0,0,0,0,0,0.200172847841009,0,0,0,0,0,0,0,0,0.117753747929944,0,0,0,0,0,0,0,0.248738968795525,0,0,0,0,0,0,0,0,0,0.193506137560932,0,0,0,0,0,0,0,0,0,0,0,0
CRUK0096_SU_T1-R1,0,0,0,0.157596595968462,0,0.123090762430523,0,0,0,0,0,0,0,0,0,0,0,0,0,0,0,0,0,0,0,0,0,0,0,0,0,0,0,0,0,0,0,0,0.111115386760295,0,0,0,0,0,0,0,0.165100331907733,0,0,0.123891848498615,0,0,0,0,0,0.0824015154934984,0,0,0,0,0,0,0,0.143822607043127,0,0,0,0,0,0,0,0,0,0.0929809518977477,0,0,0,0,0,0,0,0,0,0,0,0
CRUK0096_SU_T1-R2,0.146745995071124,0,0,0,0.208814737260423,0,0,0,0,0,0,0,0,0,0,0,0,0,0,0,0,0,0,0,0,0.0620185951524434,0,0,0,0,0,0,0,0,0,0,0,0,0,0.102200172365685,0,0,0,0,0,0,0.071941993139393,0,0,0,0,0,0,0,0,0.136721659209612,0,0,0,0,0,0,0,0.160375756133843,0,0,0,0,0,0,0,0,0,0.111181091667477,0,0,0,0,0,0,0,0,0,0,0,0
CRUK0096_SU_T1-R3,0,0,0,0,0,0.214205114875464,0,0,0,0,0,0,0,0,0,0,0,0,0,0,0,0,0,0,0,0,0,0,0,0,0,0,0,0,0,0,0,0,0.127936944397531,0,0,0,0,0,0,0,0.139986612862514,0,0,0,0,0,0,0,0,0.155924136501281,0,0,0,0,0,0,0,0.184920102831739,0,0,0,0,0,0,0,0,0,0.177027088531472,0,0,0,0,0,0,0,0,0,0,0,0
CRUK0096_SU_T1-R4,0.103104427796444,0,0,0.0775984565719973,0,0.13267095339325,0,0,0,0,0,0,0,0,0,0,0,0,0,0,0,0,0,0,0,0,0,0,0,0,0,0,0,0,0,0,0,0,0,0,0,0,0,0,0,0,0.181858970584988,0,0,0,0,0,0,0,0,0.18519959054847,0,0,0,0,0,0,0,0.209040135627575,0,0,0,0,0,0,0,0,0,0.110527465477277,0,0,0,0,0,0,0,0,0,0,0,0
CRUK0096_SU_T1-R5,0.101278776077525,0,0,0.187182800311782,0,0.131119345372782,0,0,0,0,0,0,0,0,0,0,0,0.111882923499755,0,0,0,0,0,0,0,0,0,0,0,0,0,0,0,0,0,0,0,0,0,0,0,0,0,0,0,0,0.0858039193969956,0,0,0,0,0,0,0,0,0,0,0,0,0,0,0,0,0.173744319168464,0,0,0,0.0906355951406492,0,0,0,0,0,0.118352321032047,0,0,0,0,0,0,0,0,0,0,0,0
CRUK0096_SU_T1-R6,0,0,0,0.0883244385691273,0,0.220355680622582,0,0.0737481744026401,0,0,0,0,0,0,0,0,0,0,0,0,0,0,0,0,0,0,0,0,0,0,0,0,0,0,0,0,0,0,0.0751607272403146,0,0,0,0,0,0,0,0.12338518408521,0,0,0,0,0,0,0,0,0.103266532188253,0,0,0,0,0,0,0,0.198618369597626,0,0,0,0,0,0,0,0,0,0.117140893294247,0,0,0,0,0,0,0,0,0,0,0,0
CRUK0096_SU_T1-R7,0,0,0,0.11667347798457,0,0.176982964123067,0,0,0,0,0,0,0,0,0,0,0,0.103465528352842,0,0,0,0,0,0,0,0,0,0,0,0,0,0,0,0,0,0,0,0,0,0.117200750697355,0,0,0,0,0,0,0.0915647594824418,0,0,0,0,0,0,0,0,0,0,0,0,0,0,0,0,0.21430742881848,0,0,0,0,0,0,0,0,0,0.179805090541245,0,0,0,0,0,0,0,0,0,0,0,0
CRUK0097_SU_T1-R1,0,0,0,0,0,0.211847099175127,0,0,0,0,0,0,0,0,0,0,0,0,0,0,0,0,0,0,0,0,0,0,0,0,0,0,0,0,0,0,0,0,0,0.084344539769944,0,0,0,0,0.0854724490879758,0,0.151280475262142,0,0,0,0,0,0,0,0,0.0857972415466738,0,0,0,0,0,0,0,0.216810319902536,0,0,0,0,0,0,0,0,0,0.164447875255602,0,0,0,0,0,0,0,0,0,0,0,0
CRUK0097_SU_T1-R2,0,0,0,0,0,0.25292615101737,0,0,0,0,0,0,0,0,0,0,0,0,0,0,0,0,0,0,0,0,0,0,0,0,0,0,0,0,0,0,0,0,0.1290316932899,0,0,0,0,0,0,0,0.155710149190381,0,0,0,0,0,0,0,0,0.105197955023756,0,0,0,0,0,0,0,0.219453741469208,0,0,0,0,0,0,0,0,0,0.137680310009385,0,0,0,0,0,0,0,0,0,0,0,0
CRUK0098_SU_T1-R1,0.0722820805676633,0,0,0,0.147737230263048,0.155681644502363,0,0,0,0,0,0,0,0,0,0,0,0,0,0,0,0,0,0,0,0,0,0,0,0,0,0,0,0,0,0,0,0,0.0773533797600042,0.069972695248657,0,0,0,0,0.0778784325308959,0,0,0,0,0,0,0,0,0,0,0.108593799307973,0,0,0,0,0,0,0,0.157840304630229,0,0,0,0,0,0,0,0,0,0.132660433189166,0,0,0,0,0,0,0,0,0,0,0,0
CRUK0098_SU_T1-R2,0,0,0,0.128174957157714,0,0.166745100956858,0,0.0880010398879555,0,0,0,0,0,0,0,0,0,0,0,0,0,0,0,0,0,0,0,0,0,0,0,0,0,0,0,0,0,0,0,0,0,0,0,0,0,0,0.146723791520424,0,0,0,0,0,0,0,0,0.0993583301246604,0,0,0,0,0,0,0,0.164379938799686,0,0,0,0,0,0,0,0,0,0.107078507336049,0,0,0,0,0,0,0.0995383342166537,0,0,0,0,0
CRUK0098_SU_T1-R3,0,0,0,0.166105353937726,0,0.215552175902306,0,0,0,0,0,0,0,0,0,0,0,0,0,0,0,0,0,0,0,0,0,0,0,0,0,0,0,0,0,0,0,0,0.0762006682276974,0,0,0,0,0,0,0,0.103324138297262,0,0,0,0,0,0,0,0,0.0806076679406118,0,0,0,0,0,0,0,0.190096868834492,0,0,0,0,0,0,0,0,0,0.168113126859904,0,0,0,0,0,0,0,0,0,0,0,0
CRUK0099_SU_T1-R1,0,0,0,0,0,0.263091959919343,0,0,0,0,0,0,0,0,0,0,0,0,0,0,0,0,0,0,0,0,0,0,0,0,0,0,0,0,0,0,0,0,0.0826402885006882,0,0,0,0,0,0,0,0.149520935667603,0,0,0,0,0,0,0,0,0.113188922806069,0,0,0,0,0,0,0,0.219299827708508,0,0,0,0,0,0,0,0,0,0.172258065397789,0,0,0,0,0,0,0,0,0,0,0,0
CRUK0099_SU_T1-R2,0,0,0.107645631936624,0,0,0.250312652716949,0,0,0,0,0,0,0,0,0,0,0,0,0,0,0,0,0,0,0,0,0,0,0,0,0,0,0,0,0,0,0,0,0,0,0,0,0,0,0,0,0.170697901354032,0,0,0,0,0,0,0,0,0.223625257753071,0,0,0,0,0,0,0,0.247718556239324,0,0,0,0,0,0,0,0,0,0,0,0,0,0,0,0,0,0,0,0,0,0
CRUK0099_SU_T1-R3,0,0,0,0,0,0.248743606007615,0,0,0,0,0,0,0,0,0,0,0,0,0,0,0,0,0,0,0,0,0,0,0,0,0,0,0,0,0,0,0,0,0,0,0,0,0,0,0,0,0.150752406920333,0,0,0,0,0,0,0,0,0.166415746755788,0,0,0,0,0,0,0,0.228306105302442,0,0,0,0,0,0,0,0,0,0.205782135013822,0,0,0,0,0,0,0,0,0,0,0,0
CRUK0099_SU_T1-R4,0,0,0,0,0,0.201678505991,0,0,0,0,0,0,0,0,0,0,0,0,0,0,0,0,0,0,0,0,0,0,0,0,0,0,0,0.0856446378686835,0,0,0,0,0.10154092514359,0,0,0,0,0,0,0,0.0840861384808861,0,0,0,0,0,0.0678521540839749,0,0,0,0,0,0,0,0,0,0,0.206285108549008,0,0,0,0,0,0,0,0,0,0.18387937442057,0,0,0,0,0,0,0.0690331554622881,0,0,0,0,0
CRUK0099_SU_T1-R5,0,0,0,0,0,0.221382606507449,0,0,0,0,0,0,0,0,0,0,0,0,0,0,0,0,0,0,0,0,0,0,0,0,0,0,0,0,0,0,0,0,0.109425858006971,0,0,0,0,0,0,0,0.143496499836321,0,0,0,0,0,0,0,0,0.125780317911246,0,0,0,0,0,0,0,0.24405534833995,0,0,0,0,0,0,0,0,0,0.155859369398063,0,0,0,0,0,0,0,0,0,0,0,0
CRUK0099_SU_T1-R6,0,0,0,0,0,0.220840246857743,0,0.0645381466936767,0,0,0,0,0,0,0,0,0,0,0,0,0,0,0,0,0,0,0,0,0,0,0,0,0,0,0,0,0,0,0.102108984919957,0,0,0,0,0,0,0,0.174744977893959,0,0,0,0,0,0,0,0,0.124714777979361,0,0,0,0,0,0,0,0.165205994836358,0,0,0,0,0,0,0,0,0,0.147846870818946,0,0,0,0,0,0,0,0,0,0,0,0
CRUK0099_SU_T1-R7,0,0,0,0,0,0.218827441328978,0,0.0695534702422922,0,0,0,0,0,0,0,0,0,0,0,0,0,0,0,0,0,0,0,0,0,0,0,0,0,0,0,0,0,0,0.0951320183565703,0,0,0,0,0,0,0,0.174125396958573,0,0,0,0,0,0,0,0,0.129557848099996,0,0,0,0,0,0,0,0.204600623883231,0,0,0,0,0,0,0,0,0,0.10820320113036,0,0,0,0,0,0,0,0,0,0,0,0
CRUK0100_SU_T1-R1,0,0,0,0,0,0.231955765293588,0,0,0,0,0,0,0,0,0,0,0,0,0,0,0,0,0,0,0,0,0,0,0,0,0,0,0,0,0,0,0,0,0.0841748613028785,0.0763582771094641,0,0,0,0,0,0,0.131620358749294,0,0,0,0,0,0,0,0,0.130826851337863,0,0,0,0,0,0,0,0.215240187117847,0,0,0,0,0,0,0,0,0,0.129823699089065,0,0,0,0,0,0,0,0,0,0,0,0
CRUK0100_SU_T1-R2,0.0746825773135535,0,0,0,0.086868365953464,0.170248852769757,0,0,0,0,0,0,0,0,0,0,0,0,0,0,0,0,0,0,0,0,0,0,0,0,0,0,0,0,0,0,0,0,0.0750735600294865,0,0,0,0,0,0,0,0.105271326759691,0,0,0,0,0,0.0638456713365332,0,0,0.1315489334073,0,0,0,0,0,0,0,0.17564958073218,0,0,0,0,0,0,0,0,0,0.116811131698035,0,0,0,0,0,0,0,0,0,0,0,0
CRUK0100_SU_T1-R3,0,0,0,0.134373209975606,0,0.242283719387722,0,0,0,0,0,0,0,0,0,0,0,0,0,0,0,0,0,0,0,0,0,0,0,0,0,0,0,0,0,0,0,0,0,0,0,0,0,0,0,0,0.158712865528869,0,0,0,0,0,0,0,0,0.121763641510989,0,0,0,0,0,0,0,0.218525776391985,0,0,0,0,0,0,0,0,0,0.12434078720483,0,0,0,0,0,0,0,0,0,0,0,0
